Date,predicted_anomaly,enso_el_nino_probability,enso_neutral_probability,enso_la_nina_probability,enso_forecast_confidence
1951-04-01,-0.10395640351733498,0.04654014634539974,0.8321642508959455,0.12129560275865478,0.8321642508959455
1951-05-01,0.25847721215563,0.2301235091801279,0.7478316680964312,0.022044822723440854,0.7478316680964312
1951-06-01,0.050090294929555634,0.09538841528935886,0.8445504270657952,0.06006115764484596,0.8445504270657952
1951-07-01,0.5622064409268229,0.5771371905587244,0.4179502337142087,0.004912575727066936,0.5771371905587244
1951-08-01,0.06699012656919467,0.10293326726306608,0.8416022608716078,0.05546447186532608,0.8416022608716078
1951-09-01,0.6475791714271881,0.6765355668745399,0.32025323838829495,0.0032111947371651693,0.6765355668745399
1951-10-01,0.45521471329114327,0.44425114860708215,0.5473902759724456,0.00835857542047222,0.5473902759724456
1951-11-01,0.6337768603849468,0.6612532907411843,0.3353068684068541,0.003439840851961744,0.6612532907411843
1951-12-01,0.25841376132904537,0.23006730713123477,0.7478810294743162,0.022051663394449,0.7478810294743162
1952-01-01,0.0717775388957784,0.10516466996263184,0.8406116149076497,0.05422371512971841,0.8406116149076497
1952-02-01,-0.08235243453340374,0.05157517034217741,0.8381795202024812,0.11024530945534135,0.8381795202024812
1952-03-01,-0.2405644927213432,0.024060655952775938,0.7612989278697196,0.21464041617750443,0.7612989278697196
1952-04-01,-0.07895182103720344,0.05241324813005527,0.8389982752984049,0.10858847657153992,0.8389982752984049
1952-05-01,-0.36645422199006483,0.01296731607167452,0.6480271172410803,0.3390055666872452,0.6480271172410803
1952-06-01,-0.7704463948954025,0.0017398205378173544,0.203765890299052,0.7944942891631306,0.7944942891631306
1952-07-01,-0.9008339192536444,0.0009072638265621385,0.11785857195936378,0.8812341642140741,0.8812341642140741
1952-08-01,-0.5286661947711726,0.005804323501047525,0.45842415223499966,0.5357715242639528,0.5357715242639528
1952-09-01,-0.299628853037732,0.01801901659665821,0.7134042651588619,0.26857671824447993,0.7134042651588619
1952-10-01,-0.4961379487271296,0.006822457190295327,0.49800495689546387,0.49517258591424085,0.49800495689546387
1952-11-01,-0.8212130246916655,0.0013503163882206746,0.16578531999246993,0.8328643636193094,0.8328643636193094
1952-12-01,-0.07026512936545184,0.05461283328536694,0.8409320019205209,0.10445516479411227,0.8409320019205209
1953-01-01,0.36192455724578343,0.3339491654206156,0.6527904183755465,0.013260416203837885,0.6527904183755465
1953-02-01,0.30669920464077305,0.2755778819349378,0.7070180845326537,0.017404033532408457,0.7070180845326537
1953-03-01,0.30748061975923247,0.2763585533754831,0.7063041026813841,0.017337343943132823,0.7063041026813841
1953-04-01,0.077597384236686,0.10793468485725523,0.8393146977237315,0.05275061741901337,0.8393146977237315
1953-05-01,0.4329191240402094,0.4169262382739646,0.5737386688992383,0.009335092826797084,0.5737386688992383
1953-06-01,0.36394421774128893,0.33619905532788075,0.6506720130940237,0.013128931578095606,0.6506720130940237
1953-07-01,-0.06831259235745973,0.055119080597610226,0.8413354777898465,0.10354544161254316,0.8413354777898465
1953-08-01,0.02060506544498303,0.08340368392657042,0.8476523470296794,0.06894396904375003,0.8476523470296794
1953-09-01,0.3388282196646569,0.30877363996741003,0.6763668046847142,0.014859555347875713,0.6763668046847142
1953-10-01,0.06932975957047995,0.10401848092741732,0.8411267152181171,0.05485480385446557,0.8411267152181171
1953-11-01,0.16909281585503375,0.16049684889649177,0.8054591379616374,0.03404401314187092,0.8054591379616374
1953-12-01,0.3938828012100265,0.3703802246206329,0.6182954585234808,0.011324316855886429,0.6182954585234808
1954-01-01,0.18089781073613045,0.16860995748772503,0.7992345776469372,0.03215546486533777,0.7992345776469372
1954-02-01,0.1388164074245263,0.14113220092250398,0.8194787645048816,0.039389034572614404,0.8194787645048816
1954-03-01,-0.6795561249957786,0.0027380141220876447,0.2867687789412746,0.7104932069366378,0.7104932069366378
1954-04-01,-1.5385515555564238,3.7439089799066056e-05,0.005488516671227295,0.9944740442389737,0.9944740442389737
1954-05-01,-0.7900757475091621,0.0015774314576793812,0.18836585332498912,0.8100567152173315,0.8100567152173315
1954-06-01,-1.132185855715911,0.00028551533010317805,0.0403772722333694,0.9593372124365275,0.9593372124365275
1954-07-01,-1.183860157562239,0.00022052018345727754,0.03147716204699735,0.9683023177695453,0.9683023177695453
1954-08-01,-1.4750833802240382,5.142077299810665e-05,0.00752268611420237,0.9924258931127995,0.9924258931127995
1954-09-01,-1.5544156701122798,3.4584223939579845e-05,0.005072134785891302,0.9948932809901692,0.9948932809901692
1954-10-01,-1.3650990306805288,8.911487659704231e-05,0.012965214600596742,0.9869456705228062,0.9869456705228062
1954-11-01,-0.9231676259192365,0.0008114807119071353,0.10675546187972917,0.8924330574083637,0.8924330574083637
1954-12-01,-1.3249385168606673,0.00010893038814497957,0.015802274134095073,0.98408879547776,0.98408879547776
1955-01-01,-0.4663104073848555,0.007911051705837866,0.5341016444833482,0.45798730381081393,0.5341016444833482
1955-02-01,-0.9928474688597947,0.0005728936834691603,0.07783072038598993,0.9215963859305409,0.9215963859305409
1955-03-01,-1.0477862741052673,0.00043534714421263553,0.06027946993663824,0.9392851829191491,0.9392851829191491
1955-04-01,-1.1647680953746902,0.00024260326344912778,0.034519711807601494,0.9652376849289493,0.9652376849289493
1955-05-01,-1.3338723748983952,0.0001041721173738838,0.015122514718469815,0.9847733131641563,0.9847733131641563
1955-06-01,-1.230709918327578,0.00017447587417887203,0.025070732047391964,0.9747547920784292,0.9747547920784292
1955-07-01,-1.1714716847296722,0.00023460834304718883,0.03342041950253671,0.9663449721544161,0.9663449721544161
1955-08-01,-1.4153962058505694,6.930106161847133e-05,0.010111878626638204,0.9898188203117433,0.9898188203117433
1955-09-01,-1.4948271700567004,4.658730687114119e-05,0.006820422327647235,0.9931329903654816,0.9931329903654816
1955-10-01,-2.5951960596508297,1.900496490173787e-07,2.8015028959549326e-05,0.9999717949213914,0.9999717949213914
1955-11-01,-2.238628145741198,1.1301707178843676e-06,0.0001665740959763129,0.9998322957333058,0.9998322957333058
1955-12-01,-1.6782220572833413,1.8622707113124533e-05,0.002737665435937453,0.9972437118569494,0.9972437118569494
1956-01-01,-0.7461777322566109,0.001963838248987666,0.2240620888206999,0.7739740729303124,0.7739740729303124
1956-02-01,-0.8838263218871305,0.0009877115965643342,0.12697072284547672,0.872041565557959,0.872041565557959
1956-03-01,-0.638493357103829,0.003359939261676669,0.3301246101115526,0.6665154506267708,0.6665154506267708
1956-04-01,-0.9482104938148649,0.0007160441222281502,0.09540801575115954,0.9038759401266123,0.9038759401266123
1956-05-01,-0.7636551806939692,0.0017998043230846603,0.20930547690283297,0.7888947187740823,0.7888947187740823
1956-06-01,-0.994840020027057,0.0005672176424857509,0.07711953960147477,0.9223132427560394,0.9223132427560394
1956-07-01,-1.1359337793128215,0.0002802161881935455,0.03965781132382584,0.9600619724879806,0.9600619724879806
1956-08-01,-1.2657320770839722,0.00014645287567206463,0.021129747448965897,0.978723799675362,0.978723799675362
1956-09-01,-0.8893888625139166,0.0009606451965747678,0.12392628702809205,0.8751130677753332,0.8751130677753332
1956-10-01,-0.9538213077456342,0.000696249120205424,0.09301781879849891,0.9062859320812957,0.9062859320812957
1956-11-01,-1.0276965550421442,0.0004813267436124244,0.06622109887694294,0.9332975743794446,0.9332975743794446
1956-12-01,-0.7191190130942446,0.002247705634599181,0.24831845034004552,0.7494338440253553,0.7494338440253553
1957-01-01,-0.3711266621890197,0.012671676688603278,0.6430682117891839,0.34426011152221275,0.6430682117891839
1957-02-01,-0.05438650386237423,0.05885986950482813,0.8438819481988132,0.09725818229635863,0.8438819481988132
1957-03-01,0.3328820053156186,0.3024643986925002,0.6822344838095373,0.015301117497962447,0.6822344838095373
1957-04-01,0.4349386221195741,0.4193829654873762,0.5713748616009656,0.009242172911658155,0.5713748616009656
1957-05-01,0.7178189800310181,0.7482112470918986,0.24952642238838973,0.0022623305197116855,0.7482112470918986
1957-06-01,0.44148244660401303,0.42737045723010314,0.5636822102473726,0.00894733252252435,0.5636822102473726
1957-07-01,0.722980521383356,0.7530419786996856,0.24475320230138894,0.0022048189989254618,0.7530419786996856
1957-08-01,0.6944433989763873,0.7255611712808705,0.27189672254134245,0.0025421061777872026,0.7255611712808705
1957-09-01,0.661458942149432,0.6915327241528376,0.30547073214292586,0.0029965437042365067,0.6915327241528376
1957-10-01,0.5471910893771189,0.558716693311361,0.43598974024270587,0.005293566445933147,0.558716693311361
1957-11-01,0.8759048860267536,0.8675564919731341,0.1314159319099036,0.0010275761169622685,0.8675564919731341
1957-12-01,1.2508569359466557,0.9771186222794076,0.02272361879083235,0.00015775892976005245,0.9771186222794076
1958-01-01,1.7929558396215077,0.9984450864376397,0.0015444204312127356,1.0493131147525107e-05,0.9984450864376397
1958-02-01,1.2439775642093271,0.9763368302875212,0.02349989086747835,0.0001632788450004882,0.9763368302875212
1958-03-01,0.6076064651410426,0.6313545679439556,0.3647265892343687,0.003918842821675698,0.6313545679439556
1958-04-01,0.027197188892511853,0.08595828770937196,0.8471836826735197,0.06685802961710835,0.8471836826735197
1958-05-01,0.15415064307381557,0.1506839496055542,0.8127277819050541,0.03658826848939163,0.8127277819050541
1958-06-01,0.032408035761848336,0.08802756014960064,0.8467216537239104,0.06525078612648899,0.8467216537239104
1958-07-01,-0.18904021276609229,0.03091229660557046,0.7946934703240732,0.17439423307035626,0.7946934703240732
1958-08-01,-0.20037006356377188,0.029259629440915445,0.7880387162355464,0.18270165432353816,0.7880387162355464
1958-09-01,-0.45782927238545956,0.008250912312491759,0.5442680616887512,0.4474810259987571,0.5442680616887512
1958-10-01,-0.14103497887900843,0.03897144610505593,0.8185463842433183,0.14248216965162588,0.8185463842433183
1958-11-01,0.2033580906515211,0.18494312559704898,0.7862186257741224,0.028838248628828722,0.7862186257741224
1958-12-01,0.04559163105369646,0.09346506440210835,0.8451913074096284,0.06134362818826327,0.8451913074096284
1959-01-01,0.750404786994191,0.7776500173666249,0.22042713612139783,0.0019228465119773127,0.7776500173666249
1959-02-01,0.29597923606920507,0.2650071782167777,0.7166480615707604,0.01834476021246176,0.7166480615707604
1959-03-01,-0.029529672799171125,0.0661340993237504,0.8469868673620071,0.08687903331424246,0.8469868673620071
1959-04-01,-0.135205503729195,0.04007788293765678,0.8209642279558705,0.1389578891064727,0.8209642279558705
1959-05-01,-0.4531587977240641,0.008444211897552581,0.5498411097778434,0.441714678324604,0.5498411097778434
1959-06-01,-0.4123494668267782,0.010335848715887082,0.5975067486156501,0.3921574026684628,0.5975067486156501
1959-07-01,-0.9611207638590883,0.0006713128014715825,0.0899886044971634,0.909340082701365,0.909340082701365
1959-08-01,-0.5953820843999659,0.004164812876990307,0.37881713613098256,0.6170180509920271,0.6170180509920271
1959-09-01,-0.7442750153076368,0.001982573327468361,0.22571197985088898,0.7723054468216427,0.7723054468216427
1959-10-01,-0.3014768098075572,0.01785625081610704,0.7117480610710346,0.2703956881128583,0.7117480610710346
1959-11-01,-0.7234519117863738,0.0021996398829688068,0.24432032108919255,0.7534800390278387,0.7534800390278387
1959-12-01,-0.3054761771528641,0.017508918515479484,0.7081323163758364,0.274358765108684,0.7081323163758364
1960-01-01,-0.2682345108311589,0.021017207595777614,0.7401023827628666,0.23888040964135582,0.7401023827628666
1960-02-01,-0.44926872610736646,0.008608634793639462,0.5544676176839642,0.43692374752239627,0.5544676176839642
1960-03-01,-0.23301722226102695,0.02496286805655715,0.7666894199223598,0.20834771202108304,0.7666894199223598
1960-04-01,-0.5227382980243566,0.005977891763980427,0.46562981177468965,0.5283922964613299,0.5283922964613299
1960-05-01,-0.3535151173282681,0.013821996638367005,0.6615150711320765,0.32466293222955644,0.6615150711320765
1960-06-01,-0.5990322169657237,0.004089799751318977,0.37458870410219836,0.6213214961464827,0.6213214961464827
1960-07-01,-0.3904073588635998,0.011520534761031606,0.6221423754242028,0.36633708981476554,0.6221423754242028
1960-08-01,-0.20653457703409858,0.028396748757075704,0.7842540319064802,0.18734921933644408,0.7842540319064802
1960-09-01,-0.3999102809362405,0.01099181823985517,0.6115729287344432,0.3774352530257016,0.6115729287344432
1960-10-01,-0.5827343403080677,0.004435490560954023,0.3935965530819392,0.6019679563571068,0.6019679563571068
1960-11-01,-0.46146592953367915,0.008103444156377768,0.5399156891036487,0.4519808667399735,0.5399156891036487
1960-12-01,-0.34814259168093764,0.014192982529535682,0.6670059402631683,0.318801077207296,0.6670059402631683
1961-01-01,-0.23239248556395806,0.025039010571538255,0.7671280250906166,0.20783296433784515,0.7671280250906166
1961-02-01,-0.11503011649812514,0.044143986249619134,0.8285342452524891,0.12732176849789173,0.8285342452524891
1961-03-01,-0.23396607234426023,0.02484765418731631,0.7660210393755297,0.20913130643715402,0.7660210393755297
1961-04-01,-0.4623540072824689,0.008067831140758562,0.5388512109887809,0.4530809578704606,0.5388512109887809
1961-05-01,-0.23377077795800758,0.024871325325524687,0.7661588263350294,0.20896984833944587,0.7661588263350294
1961-06-01,-0.1625299160313479,0.035139774537292515,0.8087356218883782,0.15612460357432922,0.8087356218883782
1961-07-01,-0.5486413984790368,0.005255519764495797,0.4342406701001361,0.5605038101353681,0.5605038101353681
1961-08-01,-0.6608426677419049,0.0030057636142915905,0.30611920341150156,0.6908750329742068,0.6908750329742068
1961-09-01,-1.0010576777312798,0.0005498646480187066,0.07493841024308856,0.9245117251088927,0.9245117251088927
1961-10-01,-0.9713034573025989,0.000638010701767318,0.08591112531644018,0.9134508639817925,0.9134508639817925
1961-11-01,-0.5214805196424225,0.006015377684029303,0.4671597539226181,0.5268248683933526,0.5268248683933526
1961-12-01,-0.698934240048839,0.0024858015985579785,0.26750461450139196,0.7300095839000501,0.7300095839000501
1962-01-01,-0.6871609317074201,0.002636127573699802,0.27911243287157683,0.7182514395547234,0.7182514395547234
1962-02-01,-0.4826415318081789,0.007295265773430553,0.5143892089078799,0.4783155253186896,0.5143892089078799
1962-03-01,-0.4140994418676356,0.010246728480891504,0.595508204704037,0.3942450668150715,0.595508204704037
1962-04-01,-0.7799559137445712,0.0016591661653748424,0.19619192672066144,0.8021489071139637,0.8021489071139637
1962-05-01,-1.0384050158022338,0.0004562446278326567,0.06298933659534511,0.9365544187768222,0.9365544187768222
1962-06-01,-0.6912390994286057,0.002583056489251324,0.275057509474151,0.7223594340365977,0.7223594340365977
1962-07-01,-0.5623977801756991,0.004907901187096373,0.41772144392231747,0.5773706548905861,0.5773706548905861
1962-08-01,-0.4674119033724463,0.007867943371354786,0.5327772909500739,0.4593547656785713,0.5327772909500739
1962-09-01,-0.8099690952191088,0.0014282936617253357,0.17368029367522408,0.8248914126630505,0.8248914126630505
1962-10-01,-0.731132295015371,0.0021169462745662918,0.2373395650596133,0.7605434886658204,0.7605434886658204
1962-11-01,-1.015015832189729,0.0005128166884169693,0.0702467899459609,0.9292403933656221,0.9292403933656221
1962-12-01,-0.8225861652494219,0.0013410896605265902,0.1648410147583791,0.8338178955810943,0.8338178955810943
1963-01-01,-0.6784025400357446,0.002753808799146207,0.28794084266601705,0.7093053485348367,0.7093053485348367
1963-02-01,-0.4317434564371859,0.009389612489947649,0.5751124642502268,0.41549792325982565,0.5751124642502268
1963-03-01,0.0008812546457550585,0.07616765402122268,0.8482824853746871,0.07554986060409022,0.8482824853746871
1963-04-01,-0.11429405390548679,0.044299538933832476,0.8287870550258656,0.12691340604030205,0.8287870550258656
1963-05-01,-0.4396865796074745,0.009027306875621276,0.5657982562718703,0.42517443685250844,0.5657982562718703
1963-06-01,-0.03110827509921177,0.06564829011227225,0.8468444703766521,0.08750723951107567,0.8468444703766521
1963-07-01,0.624012051967825,0.6502322536093752,0.3461564126951744,0.0036113336954505595,0.6502322536093752
1963-08-01,0.6488337405709131,0.6779067633496908,0.3189020581164315,0.0031911785338777053,0.6779067633496908
1963-09-01,0.7059720547704398,0.7368888061085024,0.26071113790594985,0.002400055985547762,0.7368888061085024
1963-10-01,0.6166426574121838,0.6418064480091938,0.354447177454028,0.003746374536778196,0.6418064480091938
1963-11-01,0.6931942618077012,0.7243157663791605,0.27312624130195007,0.002557992318889435,0.7243157663791605
1963-12-01,0.9142215208980965,0.8880631124394828,0.1110883163366992,0.0008485712238181489,0.8880631124394828
1964-01-01,0.4342571575498354,0.4185535079731707,0.5721730668652737,0.009273425161555575,0.5721730668652737
1964-02-01,-0.013714664267572313,0.07118857947831199,0.8480039869579209,0.0808074335637671,0.8480039869579209
1964-03-01,-0.7538937434264322,0.0018896565965199669,0.21745855592215835,0.7806517874813217,0.7806517874813217
1964-04-01,-1.2442188319638186,0.00016308202626015106,0.023472233380323115,0.9763646845934167,0.9763646845934167
1964-05-01,-1.2294435999874966,0.0001755838942702473,0.025225900360227538,0.9745985157455023,0.9745985157455023
1964-06-01,-1.2123685529690673,0.00019122993360948208,0.027411687663697615,0.972397082402693,0.972397082402693
1964-07-01,-0.9220304337700657,0.0008161041256561237,0.10729788882554459,0.8918860070487993,0.8918860070487993
1964-08-01,-1.5140824646153737,4.231137331548469e-05,0.006198328753761473,0.9937593598729231,0.9937593598729231
1964-09-01,-1.3892297616042641,7.898695876094113e-05,0.01150879229518642,0.9884122207460526,0.9884122207460526
1964-10-01,-1.394402009362966,7.697060052538483e-05,0.011218317626493834,0.9887047117729808,0.9887047117729808
1964-11-01,-1.3014130882460047,0.00012252591802368068,0.01773931331069878,0.9821381607712776,0.9821381607712776
1964-12-01,-1.1515334425879675,0.0002591958919865981,0.0367931561945144,0.962947647913499,0.962947647913499
1965-01-01,-0.4466239246504402,0.008722231947678905,0.5576046503466376,0.43367311770568345,0.5576046503466376
1965-02-01,-0.39010738327378025,0.011537627609233216,0.6224733857311696,0.3659889866595971,0.6224733857311696
1965-03-01,-0.2965289858007777,0.018295325594507784,0.7161617536772357,0.2655429207282566,0.7161617536772357
1965-04-01,-0.3872203351033815,0.011703420608269085,0.6256506360466381,0.36264594334509276,0.6256506360466381
1965-05-01,0.3214983437464266,0.29059247757083373,0.6932247313624833,0.016182791066682918,0.6932247313624833
1965-06-01,0.45443366319796696,0.443287184345886,0.5483218085193498,0.008391007134764272,0.5483218085193498
1965-07-01,0.796978624879895,0.8153105208949201,0.18316548133456553,0.0015239977705144112,0.8153105208949201
1965-08-01,1.2251058951642848,0.9740560264831448,0.025764540561015414,0.00017943295583976472,0.9740560264831448
1965-09-01,1.1836628003440295,0.9682720164038445,0.03150724574710528,0.00022073784905020014,0.9682720164038445
1965-10-01,1.3956816647804733,0.9887759428687751,0.01114757740023033,7.647973099454269e-05,0.9887759428687751
1965-11-01,1.309264830686469,0.9828139893042273,0.017068201234060474,0.000117809461712273,0.9828139893042273
1965-12-01,1.0313590259316003,0.9344285715362465,0.06509883160417727,0.0004725968595762487,0.9344285715362465
1966-01-01,0.8750124548412557,0.867042938904443,0.13192489427182222,0.0010321668237348342,0.867042938904443
1966-02-01,0.5251096992086167,0.5313459607941187,0.46274619250935584,0.005907846696525481,0.5313459607941187
1966-03-01,0.7664193504845074,0.7911872507217789,0.20703760481975853,0.0017751444584626088,0.7911872507217789
1966-04-01,-0.08802389679380954,0.05020557529391293,0.8367366138442499,0.11305781086183722,0.8367366138442499
1966-05-01,-0.7055754560387822,0.002404808546743419,0.26109103604272543,0.7365041554105312,0.7365041554105312
1966-06-01,-0.05659360242647701,0.05825152185947886,0.8435170747378681,0.09823140340265306,0.8435170747378681
1966-07-01,-0.07735750465629973,0.052810581080236965,0.8393701635423533,0.10781925537740973,0.8393701635423533
1966-08-01,-0.5108253449134035,0.006342454893639392,0.4801291666468164,0.5135283784595442,0.5135283784595442
1966-09-01,-0.4070382336809517,0.01061105473448985,0.6035432880863107,0.38584565717919944,0.6035432880863107
1966-10-01,-0.45433992037502946,0.008394908015337715,0.5484335755450578,0.44317151643960445,0.5484335755450578
1966-11-01,-0.48934925196886514,0.007056348141238556,0.5062539414246855,0.48668971043407594,0.5062539414246855
1966-12-01,-0.6356677312531679,0.003407582926500009,0.33322461518539537,0.6633678018881046,0.6633678018881046
1967-01-01,-0.7568253006702215,0.0018622116266083164,0.2149864085213773,0.7831513798520144,0.7831513798520144
1967-02-01,-0.7234106164988775,0.0022000931043390797,0.24435822243350303,0.7534416844621579,0.7534416844621579
1967-03-01,-0.8450054582107548,0.0011990483735226886,0.15002570113649605,0.8487752504899813,0.8487752504899813
1967-04-01,-0.901020948256748,0.0009064165685581481,0.11776158134844883,0.881332002082993,0.881332002082993
1967-05-01,-0.22505122349300868,0.0259508824193649,0.7721946355783569,0.20185448200227815,0.7721946355783569
1967-06-01,-0.28356631886031225,0.01949649347472481,0.727407621134835,0.25309588539044015,0.727407621134835
1967-07-01,-0.36260074355256866,0.013216250864955434,0.6520821511454847,0.3347015979895598,0.6520821511454847
1967-08-01,-0.4900587441509676,0.007031536072228719,0.5053924758291759,0.48757598809859537,0.5053924758291759
1967-09-01,-1.0397603473147539,0.0004531646630458451,0.06259093521585357,0.9369559001211006,0.9369559001211006
1967-10-01,-0.6578425982507204,0.003051052372914,0.3092866280584945,0.6876623195685915,0.6876623195685915
1967-11-01,-0.570567471515328,0.004712386167011454,0.4079821526134886,0.5873054612195,0.5873054612195
1967-12-01,-0.5836526603567734,0.004415260961275644,0.3925171403997181,0.6030675986390063,0.6030675986390063
1968-01-01,-0.8842253654975957,0.0009857448019082351,0.1267502183022986,0.8722640368957931,0.8722640368957931
1968-02-01,-1.1470021513558957,0.00026513380742336636,0.03760412210559161,0.9621307440869851,0.9621307440869851
1968-03-01,-0.8942084313663684,0.0009377938673761632,0.1213391990933197,0.8777230070393042,0.8777230070393042
1968-04-01,-0.5882406730737602,0.004315559650889839,0.38713870910841586,0.6085457312406943,0.6085457312406943
1968-05-01,-0.8424696141428956,0.0012143295827867898,0.15164507859516996,0.8471405918220433,0.8471405918220433
1968-06-01,0.3399960281775234,0.3100212708317114,0.6752044084077627,0.014774320760525875,0.6752044084077627
1968-07-01,0.08091347842876524,0.10954154075954575,0.8385302173723861,0.05192824186806817,0.8385302173723861
1968-08-01,0.11100260871102216,0.12510100915368022,0.8298974520087499,0.04500153883756997,0.8298974520087499
1968-09-01,-0.027791364059610565,0.066672920852127,0.8471350840231702,0.08619199512470278,0.8471350840231702
1968-10-01,0.07460226067927161,0.1065012040223855,0.8399948454194393,0.053503950558175216,0.8399948454194393
1968-11-01,0.5936913731887163,0.6150184522845105,0.38078152662389914,0.004200021091590402,0.6150184522845105
1968-12-01,0.7127567909794612,0.7434129996861363,0.254266811796736,0.002320188517127741,0.7434129996861363
1969-01-01,1.0966763704109008,0.9518177027926651,0.04784132953164528,0.0003409676756896344,0.9518177027926651
1969-02-01,1.0621759638486197,0.9432609252668586,0.056333937636709096,0.0004051370964323408,0.9432609252668586
1969-03-01,0.26939090231084084,0.23993325187237224,0.739168178214541,0.020898569913086786,0.739168178214541
1969-04-01,0.2115859759581201,0.1912249832692683,0.7810668790409155,0.02770813768981596,0.7810668790409155
1969-05-01,0.3372615294818724,0.3071042363582325,0.677921099510412,0.014974664131355562,0.677921099510412
1969-06-01,-0.2462136886035354,0.023406232356013218,0.7571535608694046,0.21944020677458223,0.7571535608694046
1969-07-01,-0.24683000194763619,0.023335896086348,0.7566956109589812,0.21996849295467083,0.7566956109589812
1969-08-01,0.32402756178709835,0.29320633711759453,0.6908109820382557,0.015982680844149638,0.6908109820382557
1969-09-01,0.6143508183714216,0.6391678240939902,0.35704278763148256,0.0037893882745272237,0.6391678240939902
1969-10-01,0.7774818022327106,0.8001782843711224,0.19814193186754467,0.0016797837613329477,0.8001782843711224
1969-11-01,0.4014382754008401,0.37923215140648725,0.609858774941811,0.010909073651701818,0.609858774941811
1969-12-01,0.3828264060646934,0.35758349454706556,0.6304562288867169,0.011960276566217525,0.6304562288867169
1970-01-01,0.2504334139103167,0.22307549435321744,0.7539957349124566,0.022928770734325976,0.7539957349124566
1970-02-01,0.25246611902210236,0.22484192006174786,0.7524559024569452,0.022702177481306977,0.7524559024569452
1970-03-01,-0.30147495000154934,0.01785641389769526,0.7117497325154716,0.27039385358683315,0.7117497325154716
1970-04-01,-0.20008975566762482,0.029299464347503842,0.7882080686095795,0.18249246704291663,0.7882080686095795
1970-05-01,-0.5595384754834357,0.004978219264536574,0.42114347811771136,0.5738783026177521,0.5738783026177521
1970-06-01,-0.9554557541405456,0.0006905863106691268,0.0923317004607056,0.9069777132286253,0.9069777132286253
1970-07-01,-1.2719345216782911,0.0001419813850921033,0.0204979326671757,0.9793600859477322,0.9793600859477322
1970-08-01,-1.3108237603089263,0.00011689485490631834,0.016937953430352537,0.9829451517147412,0.9829451517147412
1970-09-01,-1.069153740304352,0.0003912514814896436,0.0545091995114001,0.9450995490071102,0.9450995490071102
1970-10-01,-1.211945256951336,0.00019163501892133114,0.027468147846866575,0.9723402171342121,0.9723402171342121
1970-11-01,-1.1730504534212154,0.0002327641012381721,0.03316648020324786,0.966600755695514,0.966600755695514
1970-12-01,-1.4076005381799936,7.205543901363527e-05,0.010509523214695005,0.9894184213462913,0.9894184213462913
1971-01-01,-1.700383991558848,1.666938712006755e-05,0.0024512226964997774,0.9975321079163801,0.9975321079163801
1971-02-01,-1.3890791496855326,7.904645834673249e-05,0.01151736113876134,0.9884035924028919,0.9884035924028919
1971-03-01,-1.3194237491848586,0.00011197547009519333,0.016236794241827,0.9836512302880778,0.9836512302880778
1971-04-01,-1.116633423276956,0.00030859656143232707,0.043498363107682514,0.9561930403308851,0.9561930403308851
1971-05-01,-0.8859865270622349,0.0009771110734834061,0.12578092548800113,0.8732419634385155,0.8732419634385155
1971-06-01,-1.1019607167668937,0.0003320796465301968,0.04665286024565429,0.9530150601078156,0.9530150601078156
1971-07-01,-1.0418972082073434,0.0004483508465500079,0.06196757073810888,0.9375840784153411,0.9375840784153411
1971-08-01,-1.2081197866628033,0.00019533504633890454,0.0279835465996926,0.9718211183539684,0.9718211183539684
1971-09-01,-1.0957646372192034,0.0003425250480925308,0.04804926719156144,0.951608207760346,0.951608207760346
1971-10-01,-1.4195576022078158,6.787411031779013e-05,0.0099057456019358,0.9900263802877464,0.9900263802877464
1971-11-01,-0.9140224669250766,0.0008494154838691041,0.11118644710750458,0.8879641374086263,0.8879641374086263
1971-12-01,-1.030271563498298,0.0004751722905670914,0.06543019815461082,0.9340946295548221,0.9340946295548221
1972-01-01,-0.5081205225972169,0.006428258471366979,0.48342248255930276,0.5101492589693303,0.5101492589693303
1972-02-01,-0.3592228961781605,0.013438333780232086,0.6556103443114913,0.3309513219082766,0.6556103443114913
1972-03-01,-0.09977200522486854,0.04747739996770913,0.8334393160069873,0.11908328402530355,0.8334393160069873
1972-04-01,0.264215649377065,0.23524612327785713,0.7433192151409803,0.021434661581162594,0.7433192151409803
1972-05-01,0.6293788389306604,0.6563102356379943,0.3401737121264059,0.0035160522355998226,0.6563102356379943
1972-06-01,0.6124476971860876,0.6369703243607552,0.35920419553411514,0.0038254801051296793,0.6369703243607552
1972-07-01,1.1213944268183347,0.95717942437084,0.042519236278927446,0.00030133935023252877,0.95717942437084
1972-08-01,1.0682152096719841,0.9448555549860775,0.05475135393372577,0.00039309108019668814,0.9448555549860775
1972-09-01,1.1350064757590927,0.9598838148668087,0.039834667067661596,0.00028151806552966484,0.9598838148668087
1972-10-01,1.529769421747662,0.9942274214718788,0.005733458900398384,3.911962772280223e-05,0.9942274214718788
1972-11-01,1.7436994998294555,0.9980117248076307,0.001974851789917338,1.3423402451988871e-05,0.9980117248076307
1972-12-01,1.9401749955525187,0.9992546231529734,0.0007403508162923103,5.026030734269517e-06,0.9992546231529734
1973-01-01,1.3985123818778673,0.9889319386872452,0.010992656338773691,7.540497398114813e-05,0.9889319386872452
1973-02-01,0.69935587495871,0.7304248942714868,0.2670945261277582,0.002480579600755127,0.7304248942714868
1973-03-01,-0.29888607519115384,0.01808484915059174,0.7140673737818939,0.26784777706751434,0.7140673737818939
1973-04-01,-1.0187619098238423,0.0005033056182402725,0.06903458581949229,0.9304621085622674,0.9304621085622674
1973-05-01,-1.1690711655871928,0.0002374405464235333,0.03381013262228505,0.9659524268312915,0.9659524268312915
1973-06-01,-1.3344932278699364,0.00010384927446752121,0.015076359602888667,0.9848197911226438,0.9848197911226438
1973-07-01,-1.6676105924482063,1.9637440194251582e-05,0.0028864046354409867,0.9970939579243647,0.9970939579243647
1973-08-01,-1.6320775218789458,2.3455370618747062e-05,0.0034456354473720863,0.9965309091820092,0.9965309091820092
1973-09-01,-1.651951132383248,2.1236760354592122e-05,0.0031207417244641933,0.9968580215151812,0.9968580215151812
1973-10-01,-1.9053875932939093,5.9808733987677795e-06,0.0008808775348156939,0.9991131415917855,0.9991131415917855
1973-11-01,-2.2869854871115014,8.874369831715936e-07,0.0001308026615096658,0.9998683099015072,0.9998683099015072
1973-12-01,-2.079599596609962,2.503050209210532e-06,0.00036884551759475137,0.999628651432196,0.999628651432196
1974-01-01,-1.981864725496809,4.080350330798235e-06,0.0006011332981131767,0.999394786351556,0.999394786351556
1974-02-01,-1.3069139098664733,0.00011920227014096017,0.01726648225700833,0.9826143154728507,0.9826143154728507
1974-03-01,-1.2163555414675147,0.00018745622974988263,0.02688539692653591,0.9729271468437142,0.9729271468437142
1974-04-01,-1.12797379723947,0.00029159035949950215,0.04120073914195743,0.958507670498543,0.958507670498543
1974-05-01,-1.124129676735343,0.0002972474279371849,0.04196627179374934,0.9577364807783135,0.9577364807783135
1974-06-01,-0.9699783132657881,0.000642249293539117,0.08643214241810526,0.9129256082883557,0.9129256082883557
1974-07-01,-0.756127562627602,0.0018687074901305239,0.21557296573886275,0.7825583267710067,0.7825583267710067
1974-08-01,-0.4150027617152051,0.010201023515150485,0.5944747603604636,0.3953242161243859,0.5944747603604636
1974-09-01,-0.8002293262456912,0.0014994645203070915,0.18075510557644492,0.817745429903248,0.817745429903248
1974-10-01,-1.1100818927977671,0.00031886957824173433,0.04488092946774036,0.9548002009540179,0.9548002009540179
1974-11-01,-1.0166924331692673,0.0005085378894366824,0.06970184317514971,0.9297896189354136,0.9297896189354136
1974-12-01,-0.8278338312101643,0.0013064047049580025,0.16127174265670252,0.8374218526383395,0.8374218526383395
1975-01-01,-0.12972048618331292,0.041146381646653185,0.823144728472083,0.13570888988126384,0.823144728472083
1975-02-01,-0.7371600528594954,0.0020542250594647216,0.2319566713747988,0.7659891035657365,0.7659891035657365
1975-03-01,-1.127833123461444,0.00029179546736586337,0.04122851654173565,0.9584796879908984,0.9584796879908984
1975-04-01,-0.904653594395411,0.0008901162510445846,0.11589138193840276,0.8832185018105526,0.8832185018105526
1975-05-01,-1.2205390664707216,0.000183576528982675,0.026343724956672587,0.9734726985143447,0.9734726985143447
1975-06-01,-1.4899437606428292,4.773877758150287e-05,0.006987812560593776,0.9929644486618248,0.9929644486618248
1975-07-01,-1.3638869208795954,8.9656553021804e-05,0.013042987394768057,0.9868673560522101,0.9868673560522101
1975-08-01,-1.659702085766148,2.042949519319732e-05,0.003002472724240035,0.9969770977805668,0.9969770977805668
1975-09-01,-1.842218797915112,8.202248845371325e-06,0.0012076493043241543,0.9987841484468305,0.9987841484468305
1975-10-01,-1.966837300487273,4.398746688261057e-06,0.0006480101018867535,0.999347591151425,0.999347591151425
1975-11-01,-1.5239401945526903,4.0276545735063434e-05,0.00590201173883298,0.994057711715432,0.994057711715432
1975-12-01,-1.9760959930036968,4.199755852242025e-06,0.0006187136324099507,0.9993770866117379,0.9993770866117379
1976-01-01,-1.7538745495048762,1.2757572958176843e-05,0.0018770800391287867,0.9981101623879131,0.9981101623879131
1976-02-01,-0.8704763310711238,0.0010558195039156613,0.13453768631680874,0.8644064941792756,0.8644064941792756
1976-03-01,-0.6969325330492141,0.002510742970596046,0.2694568463177186,0.7280324107116853,0.7280324107116853
1976-04-01,-0.7333105244267527,0.002094063418514643,0.23538461578262737,0.762521320798858,0.762521320798858
1976-05-01,-0.42829075034739983,0.009551555899810747,0.5791369203611457,0.41131152373904356,0.5791369203611457
1976-06-01,-0.10458756531718119,0.046400310194549266,0.8319673293349238,0.12163236047052699,0.8319673293349238
1976-07-01,0.05985046740241193,0.09968336882634868,0.8429520396018545,0.05736459157179688,0.8429520396018545
1976-08-01,0.4067344948668937,0.38548583653868657,0.603887152921692,0.010627010539621229,0.603887152921692
1976-09-01,0.39386211044553054,0.37035609964581895,0.6183184251628038,0.011325475191377244,0.6183184251628038
1976-10-01,0.7341940793863381,0.7633203747412192,0.23459477329164616,0.002084851967134671,0.7633203747412192
1976-11-01,0.4691351125569003,0.46149527951765124,0.5307037499055669,0.007800970576781938,0.5307037499055669
1976-12-01,0.3251770058229,0.2943987841558371,0.6897086718941887,0.015892543949974136,0.6897086718941887
1977-01-01,0.806920003510388,0.8226783550411695,0.17587144129381266,0.001450203665017863,0.8226783550411695
1977-02-01,0.03924567432981593,0.09081107772297632,0.8459926438796015,0.06319627839742213,0.8459926438796015
1977-03-01,0.09249046613770182,0.11531667982156947,0.8355320516022282,0.049151268576202375,0.8355320516022282
1977-04-01,-0.6230512166717531,0.0036286618147851977,0.34723248678136953,0.6491388514038453,0.6491388514038453
1977-05-01,-0.057399270641952216,0.058030926838556145,0.8433802532892059,0.09858881987223794,0.8433802532892059
1977-06-01,-0.00436123021566406,0.07434355640788644,0.8482553623345923,0.07740108125752125,0.8482553623345923
1977-07-01,0.17403127211264494,0.16385178217876464,0.8029069341985798,0.0332412836226555,0.8029069341985798
1977-08-01,-0.004827676792072411,0.07418321933322117,0.8482489900672612,0.07756779059951763,0.8482489900672612
1977-09-01,0.5262417981400076,0.5327552688086745,0.46137003545785293,0.005874695733472703,0.5327552688086745
1977-10-01,0.655909806780247,0.6855829122813955,0.3113364984457982,0.0030805892728063737,0.6855829122813955
1977-11-01,0.49477718990717,0.4934718583651306,0.49965942750374076,0.006868714131128702,0.49965942750374076
1977-12-01,0.7693872754085435,0.7936283119936474,0.2046226457983898,0.0017490422079628508,0.7936283119936474
1978-01-01,0.36473483632354864,0.33708183457808616,0.649840353885532,0.013077811536381895,0.649840353885532
1978-02-01,0.22482618031951293,0.2016732601327537,0.7723473997013439,0.02597934016590243,0.7723473997013439
1978-03-01,-0.39593971940877914,0.011209746606662872,0.6160084950969074,0.37278175829642984,0.6160084950969074
1978-04-01,-0.8892215743641739,0.0009614482826367654,0.12401692739330894,0.8750216243240543,0.8750216243240543
1978-05-01,-0.896846702028145,0.0009255157073015088,0.11994275056581793,0.8791317337268806,0.8791317337268806
1978-06-01,-0.7544620084953939,0.0018843051905601809,0.21697776218298026,0.7811379326264596,0.7811379326264596
1978-07-01,-0.5666541289259882,0.004805052652984225,0.41263998573796823,0.5825549616090475,0.5825549616090475
1978-08-01,-0.779992622166932,0.0016588621715797932,0.1961631030885127,0.8021780347399075,0.8021780347399075
1978-09-01,-0.4923791547113202,0.00695099103045645,0.5025739131487914,0.4904750958207521,0.5025739131487914
1978-10-01,-0.33261855473452706,0.015320977215647454,0.682492465360833,0.30218655742351963,0.682492465360833
1978-11-01,-0.28562000514272956,0.019301163712352427,0.7256569067405001,0.25504192954714744,0.7256569067405001
1978-12-01,0.16249780200634115,0.15610344967472467,0.8087513312562022,0.03514521906907304,0.8087513312562022
1979-01-01,-0.08080170430002023,0.05195576291063773,0.8385571979027093,0.10948703918665294,0.8385571979027093
1979-02-01,-0.19090754897120646,0.03063382187040842,0.7936235520429826,0.17574262608660893,0.7936235520429826
1979-03-01,0.019278504985047275,0.08289802181010213,0.847731025708686,0.06937095248121172,0.847731025708686
1979-04-01,0.010472462116014478,0.07961147210614442,0.848120584447767,0.07226794344608865,0.848120584447767
1979-05-01,-0.2934006912381205,0.01857838287937331,0.7189180429049511,0.2625035742156756,0.7189180429049511
1979-06-01,-0.2949442341638545,0.018438185635143513,0.7175613895380155,0.2640004248268409,0.7175613895380155
1979-07-01,-0.5664714409454531,0.004809422666214251,0.41285776705039146,0.5823328102833943,0.5823328102833943
1979-08-01,0.06687059493382819,0.10287809379137315,0.8416261158087966,0.05549579039983019,0.8416261158087966
1979-09-01,0.3438055093941873,0.3141103380229857,0.6713900487926722,0.01449961318434213,0.6713900487926722
1979-10-01,0.15406907209508622,0.15063176046699162,0.8127655916175964,0.03660264791541199,0.8127655916175964
1979-11-01,0.4418680260101351,0.4278423276598131,0.5632274188421469,0.008930253498039947,0.5632274188421469
1979-12-01,0.5853637781842491,0.6051137936753084,0.39050839472051546,0.004377811604176145,0.6051137936753084
1980-01-01,0.46836371886418393,0.4605368993138292,0.5316322199840648,0.00783088070210581,0.5316322199840648
1980-02-01,0.04902929630869898,0.09493163180931297,0.8447070235524593,0.06036134463822777,0.8447070235524593
1980-03-01,-0.05520975291661623,0.05863226213234218,0.843747553626416,0.09762018424124182,0.843747553626416
1980-04-01,-0.052324984935490315,0.05943346579829272,0.8442095993705009,0.09635693483120647,0.8442095993705009
1980-05-01,0.15573532307386775,0.15170078188247044,0.8119892228296854,0.03630999528784403,0.8119892228296854
1980-06-01,0.21119793050234073,0.19092509137745226,0.7813144525142086,0.027760456108339226,0.7813144525142086
1980-07-01,-0.24431694066280954,0.02362399793262395,0.7585559061886594,0.21782009587871665,0.7585559061886594
1980-08-01,-0.49360761205766546,0.006908720968497406,0.5010810837951997,0.49201019523630296,0.5010810837951997
1980-09-01,-0.2005574051162928,0.029233035387167927,0.7879253978637778,0.18284156674905427,0.7879253978637778
1980-10-01,-0.23177719700298954,0.025114222713259873,0.7675588583910063,0.20732691889573376,0.7675588583910063
1980-11-01,0.1176683774166564,0.1287946863659021,0.8276146033128483,0.0435907103212496,0.8276146033128483
1980-12-01,0.1028160708698668,0.12068921348837555,0.8325169784942411,0.046793808017383316,0.8325169784942411
1981-01-01,-0.535113401256726,0.005621233817487826,0.4505994106288329,0.5437793555536793,0.5437793555536793
1981-02-01,-0.559652206769344,0.004975403253742452,0.4210072395955772,0.5740173571506804,0.5740173571506804
1981-03-01,-0.3638429300596675,0.013135494897279706,0.650778461877469,0.3360860432252512,0.650778461877469
1981-04-01,-0.437249234068134,0.009136981949285992,0.5686642809747557,0.4221987370759582,0.5686642809747557
1981-05-01,-0.6160043782702241,0.0037583047924527,0.35516925168868063,0.6410724435188667,0.6410724435188667
1981-06-01,-0.5132182117814975,0.006267496548277385,0.47721575042394393,0.5165167530277787,0.5165167530277787
1981-07-01,-0.8170168754412908,0.0013789068441858226,0.16869770816964524,0.8299233849861689,0.8299233849861689
1981-08-01,-0.5712244027455937,0.004697005575527337,0.40720163457050373,0.5881013598539689,0.5881013598539689
1981-09-01,-0.0637083514398433,0.056330399669823304,0.8422416544122274,0.1014279459179492,0.8422416544122274
1981-10-01,-0.23001763340338466,0.025330526389917115,0.768784687207075,0.20588478640300786,0.768784687207075
1981-11-01,-0.31248466768501537,0.016916188103856866,0.7016937064419295,0.2813901054542136,0.7016937064419295
1981-12-01,0.00987572952148491,0.07939312275730334,0.8481386377830755,0.07246823945962108,0.8481386377830755
1982-01-01,0.16252608984831868,0.15612208309835493,0.808737493725465,0.03514042317618004,0.808737493725465
1982-02-01,-0.25132261647936316,0.022829377504110633,0.753323628519708,0.22384699397618135,0.753323628519708
1982-03-01,0.22187813038910556,0.1993104957208831,0.774334553070653,0.02635495120846391,0.774334553070653
1982-04-01,0.20713992162489173,0.18781047249568952,0.7838761680691527,0.028313359435157757,0.7838761680691527
1982-05-01,0.6020487998295259,0.6248636718224367,0.37110750499492745,0.004028823182635803,0.6248636718224367
1982-06-01,0.6288338129924498,0.6556952744367873,0.3407791123891505,0.003525613174062192,0.6556952744367873
1982-07-01,0.4146381972448232,0.39488856648179593,0.5948919885920378,0.010219444926166261,0.5948919885920378
1982-08-01,0.9552191770348922,0.9068778661372299,0.09243073074934778,0.0006914031134223516,0.9068778661372299
1982-09-01,1.7368617934284423,0.9979427155022577,0.002043394240167934,1.3890257574405707e-05,0.9979427155022577
1982-10-01,2.0780052117876306,0.9996256803508334,0.00037179656513342186,2.523084033143809e-06,0.9996256803508334
1982-11-01,1.9170025339462844,0.9991631367511714,0.0008312198176541957,5.643431174394245e-06,0.9991631367511714
1982-12-01,2.2098253335102926,0.9998063233153198,0.00019237145035369614,1.3052343264812594e-06,0.9998063233153198
1983-01-01,2.1836513534818667,0.9997792495195987,0.00021926274915977137,1.4877312414947376e-06,0.9997792495195987
1983-02-01,1.6626729163153482,0.9970215358290659,0.002958335889796554,2.0128281137504543e-05,0.9970215358290659
1983-03-01,1.136134050944202,0.9601003498620794,0.03961971432754101,0.00027993581037961826,0.9601003498620794
1983-04-01,0.6661071606488603,0.6964682106816202,0.30060388395106513,0.0029279053673146585,0.6964682106816202
1983-05-01,0.7070929045943256,0.7379739351873148,0.2596393897068664,0.0023866751058189643,0.7379739351873148
1983-06-01,0.377318314079221,0.3512820816578266,0.636427777063098,0.012290141279075375,0.636427777063098
1983-07-01,-0.1656416469610165,0.03461605720854114,0.807198506578334,0.15818543621312486,0.807198506578334
1983-08-01,-0.1517593299681341,0.03701207543424564,0.8138277733730298,0.1491601511927245,0.8138277733730298
1983-09-01,-0.7754026872045359,0.0016973073668905064,0.1997917759813973,0.7985109166517121,0.7985109166517121
1983-10-01,-1.3662890037820132,8.858627614713246e-05,0.012889307325971044,0.9870221063978818,0.9870221063978818
1983-11-01,-1.2117219848155654,0.0001918490311133258,0.027497973878801818,0.9723101770900848,0.9723101770900848
1983-12-01,-0.8169931426591268,0.0013790702547074748,0.16871429489234024,0.8299066348529522,0.8299066348529522
1984-01-01,-0.4907390524531622,0.007007825972314051,0.5045662905021537,0.48842588352553223,0.5045662905021537
1984-02-01,-0.08275761702597254,0.0514761624647993,0.838079646760349,0.11044419077485178,0.838079646760349
1984-03-01,-0.5625587690810874,0.004903971554249607,0.4175289682395851,0.5775670602061653,0.5775670602061653
1984-04-01,-0.5925375753992483,0.004224218344295052,0.3821241603999911,0.6136516212557138,0.6136516212557138
1984-05-01,-0.7868953885294768,0.001602675427962653,0.19079940756652003,0.8075979170055173,0.8075979170055173
1984-06-01,-0.9257583316083595,0.0008010453270839862,0.1055287129139959,0.8936702417589201,0.8936702417589201
1984-07-01,-0.3443915741885437,0.014457800204126237,0.6708001943985016,0.3147420053973721,0.6708001943985016
1984-08-01,-0.25722689588646963,0.022180003094047083,0.7488021905427857,0.22901780636316718,0.7488021905427857
1984-09-01,-0.3480542337788093,0.014199165172776041,0.6670956920193831,0.31870514280784074,0.6670956920193831
1984-10-01,-0.6996621133358699,0.0024767936641008864,0.266796920091126,0.7307262862447731,0.7307262862447731
1984-11-01,-1.2117150415244666,0.0001918556902694464,0.02749890190945703,0.9723092424002735,0.9723092424002735
1984-12-01,-1.2128713449468367,0.0001907498845935875,0.02734477059949436,0.9724644795159121,0.9724644795159121
1985-01-01,-0.9249736271147285,0.0008041918876766465,0.10589897040644791,0.8932968377058754,0.8932968377058754
1985-02-01,-0.6133104989357115,0.0038090752230922837,0.35822362343647207,0.6379673013404357,0.6379673013404357
1985-03-01,-0.91020579251009,0.0008657666835574319,0.1130826849383676,0.886051548378075,0.886051548378075
1985-04-01,-1.2294075871665378,0.00017561550792081931,0.025230326839332795,0.9745940576527464,0.9745940576527464
1985-05-01,-0.8286506854606318,0.001301086803269964,0.16072176738330923,0.8379771458134208,0.8379771458134208
1985-06-01,-0.7976466590842115,0.0015189235683421064,0.1826681246274211,0.8158129518042367,0.8158129518042367
1985-07-01,-0.6111994931677268,0.003849337470497012,0.3606247362596895,0.6355259262698135,0.6355259262698135
1985-08-01,-0.5115921760023421,0.006318336850435582,0.4791954983981974,0.514486164751367,0.514486164751367
1985-09-01,-0.6543065898728238,0.003105305786078389,0.3130422860754112,0.6838524081385104,0.6838524081385104
1985-10-01,-0.3178928183558307,0.01647232475649852,0.6966374888746555,0.286890186368846,0.6966374888746555
1985-11-01,-0.27010634313563164,0.020825499117149836,0.7385882843910585,0.2405862164917917,0.7385882843910585
1985-12-01,-0.378946148318381,0.012191730308181544,0.6346691718848709,0.35313909780694747,0.6346691718848709
1986-01-01,-0.6939568119015439,0.002548282707766592,0.2723752631152767,0.7250764541769567,0.7250764541769567
1986-02-01,-0.48214166652335,0.007313388314747421,0.5149947086253979,0.4776919030598547,0.5149947086253979
1986-03-01,-0.24137930140160171,0.023965175589921072,0.7607068487283366,0.21532797568174236,0.7607068487283366
1986-04-01,-0.34027845070662766,0.014753780069838712,0.674922805784032,0.31032341414612935,0.674922805784032
1986-05-01,-0.5269675154235776,0.005853542073503589,0.46048804398598586,0.5336584139405105,0.5336584139405105
1986-06-01,-0.19826496837743188,0.02956007570094364,0.7893047066493867,0.18113521764966964,0.7893047066493867
1986-07-01,-0.08346264822008558,0.05130431379579763,0.8379046861037646,0.11079100010043787,0.8379046861037646
1986-08-01,0.4446497488160742,0.43125042824746396,0.5599415794723482,0.008807992280187785,0.5599415794723482
1986-09-01,0.6098447824625529,0.6339555139983948,0.36216908772115497,0.0038753982804502637,0.6339555139983948
1986-10-01,0.8104811145028326,0.8252608997255327,0.17331445330297837,0.0014246469714889,0.8252608997255327
1986-11-01,1.0029471986438945,0.9251684328079369,0.07428687016887821,0.000544697023184872,0.9251684328079369
1986-12-01,1.096782916226895,0.9518421282752769,0.04781708558216978,0.0003407861425533006,0.9518421282752769
1987-01-01,1.044697181085896,0.9383983512890248,0.061159528226480596,0.000442120484494579,0.9383983512890248
1987-02-01,1.098665756408672,0.9522718319048996,0.04739057404958404,0.0003375940455163436,0.9522718319048996
1987-03-01,0.8919829856701355,0.8765237454362232,0.12252797732783509,0.0009482772359416708,0.8765237454362232
1987-04-01,0.4264606167797187,0.40909764483275923,0.5812638413333847,0.009638513833856003,0.5812638413333847
1987-05-01,0.683151552328214,0.7141769324292176,0.28313370411774363,0.0026893634530386944,0.7141769324292176
1987-06-01,0.930959411470987,0.8961161936775848,0.10310330791658441,0.0007804984058308153,0.8961161936775848
1987-07-01,1.3118390325397622,0.98303004343064,0.016853653542502553,0.00011630302685740427,0.98303004343064
1987-08-01,1.511100826498123,0.993666219945381,0.006290833197187193,4.29468574318502e-05,0.993666219945381
1987-09-01,1.5803177798315702,0.9955108332453543,0.00445878351055892,3.0383244086803894e-05,0.9955108332453543
1987-10-01,0.948955707547603,0.9041991898920082,0.09508742715108125,0.0007133829569105431,0.9041991898920082
1987-11-01,0.8589614555108872,0.8575156520854319,0.1413660262429166,0.0011183216716514866,0.8575156520854319
1987-12-01,0.7353814559043542,0.764391268804751,0.23353619450324994,0.0020725366919990976,0.764391268804751
1988-01-01,0.6981837942479671,0.7292693981578341,0.2682354787422373,0.002495123099928603,0.7292693981578341
1988-02-01,-0.019975022053454056,0.06914645846665232,0.8476903680101222,0.08316317352322544,0.8476903680101222
1988-03-01,-0.08396138888683533,0.051183075533331686,0.8377800152598355,0.11103690920683287,0.8377800152598355
1988-04-01,-0.8353830211316043,0.0012580731546418047,0.15624631883306428,0.842495608012294,0.842495608012294
1988-05-01,-1.5551087602451834,3.446458556849233e-05,0.005054677877370017,0.9949108575370615,0.9949108575370615
1988-06-01,-1.7924290787494017,1.0520804137959433e-05,0.0015484871011608448,0.9984409920947012,0.9984409920947012
1988-07-01,-1.661251137785209,2.0271877828649244e-05,0.0029793775745637907,0.9970003505476076,0.9970003505476076
1988-08-01,-0.9815439774483884,0.0006061844438047295,0.08197972317434554,0.9174140923818497,0.9174140923818497
1988-09-01,-1.0223187179589044,0.0004944383181933857,0.0679015552149651,0.9316040064668415,0.9316040064668415
1988-10-01,-2.110837884825586,2.1410984521407146e-06,0.000315525822812468,0.9996823330787354,0.9996823330787354
1988-11-01,-1.8716438251069647,7.080073948329836e-06,0.0010426005198953536,0.9989503194061563,0.9989503194061563
1988-12-01,-1.8007525270108102,1.0091947523078323e-05,0.0014854609529627583,0.9985044470995141,0.9985044470995141
1989-01-01,-1.7486683417010112,1.309402154400866e-05,0.001926487241121766,0.9980604187373342,0.9980604187373342
1989-02-01,-1.105556423744019,0.0003261646194076094,0.045860269008165866,0.9538135663724265,0.9538135663724265
1989-03-01,-1.0852583840831111,0.0003609926433999648,0.05050806568146482,0.9491309416751352,0.9491309416751352
1989-04-01,-0.9078610875209371,0.0008759673067421074,0.11426150842386618,0.8848625242693917,0.8848625242693917
1989-05-01,-0.8074493559321663,0.0014463759403685183,0.17548949255658475,0.8230641315030467,0.8230641315030467
1989-06-01,-0.4543262984146075,0.008395475009842977,0.5484498159770108,0.4431547090131462,0.5484498159770108
1989-07-01,-0.5806205125455882,0.004482407241926238,0.39608473737601824,0.5994328553820555,0.5994328553820555
1989-08-01,-0.32925150542497916,0.015577041222801206,0.6857745805858246,0.29864837819137413,0.6857745805858246
1989-09-01,-0.145510633545521,0.03814191289417737,0.8166197818106835,0.1452383052951391,0.8166197818106835
1989-10-01,-0.44261552333724785,0.008897235495932363,0.5623452795259984,0.4287574849780692,0.5623452795259984
1989-11-01,-0.45736990679583656,0.008269728119546913,0.5448170489179438,0.4469132229625093,0.5448170489179438
1989-12-01,0.07206674189526016,0.10530082500617666,0.8405495687963166,0.054149606197506785,0.8405495687963166
1990-01-01,0.1350200131006044,0.1388469577950291,0.8210394633943594,0.04011357881061146,0.8210394633943594
1990-02-01,0.4875391903192976,0.4844290245171267,0.5084509321210291,0.0071200433618441,0.5084509321210291
1990-03-01,0.008401732553259073,0.0788561187067198,0.8481786929687166,0.07296518832456352,0.8481786929687166
1990-04-01,0.0790515849207389,0.10863677023238381,0.8389747505218794,0.052388479245736794,0.8389747505218794
1990-05-01,-0.10428898067499504,0.0464664127994141,0.8320606374780355,0.12147294972255042,0.8320606374780355
1990-06-01,-0.20722084242707864,0.02830223020980809,0.7838255721338455,0.18787219765634644,0.7838255721338455
1990-07-01,0.13645915093574942,0.1397095734090967,0.8204529990162637,0.03983742757463972,0.8204529990162637
1990-08-01,0.2572130189379479,0.22900555542313086,0.7488129366131255,0.02218150796374362,0.7488129366131255
1990-09-01,0.32521051720114913,0.29443359163623983,0.6896764847861464,0.015889923577613787,0.6896764847861464
1990-10-01,0.18328606357802543,0.17029052193052158,0.7979235741491131,0.03178590392036542,0.7979235741491131
1990-11-01,0.13244224649061762,0.13731302108380714,0.8220741700715863,0.04061280884460662,0.8220741700715863
1990-12-01,0.44092979031532087,0.4266943494406045,0.5643337819749936,0.008971868584401717,0.5643337819749936
1991-01-01,0.4395790849652367,0.4250430830753904,0.5659248006442729,0.009032116280336766,0.5659248006442729
1991-02-01,0.17960988813873055,0.1677091738260983,0.799934346039666,0.0323564801342358,0.799934346039666
1991-03-01,0.006885080630411627,0.07830704335665244,0.8482131630222199,0.07347979362112764,0.8482131630222199
1991-04-01,0.3126647939655731,0.28157225772368666,0.7015265251857126,0.01690121709060077,0.7015265251857126
1991-05-01,0.4275892303869687,0.41046247832090826,0.5799527256009192,0.009584796078172447,0.5799527256009192
1991-06-01,0.6637821832432893,0.6940051089574931,0.3030328519075187,0.0029620391349881405,0.6940051089574931
1991-07-01,0.716800633193332,0.7472507975302989,0.25047534964791346,0.002273852821787643,0.7472507975302989
1991-08-01,0.5313750730887831,0.5391386078929052,0.4551347074548455,0.005726684652249394,0.5391386078929052
1991-09-01,0.4203600266610996,0.40174491798905576,0.588321000794685,0.009934081216259223,0.588321000794685
1991-10-01,1.0187028644864005,0.9304430042672954,0.06905354157809698,0.0005034541546075947,0.9304430042672954
1991-11-01,1.1485280738344226,0.9624077523114412,0.03732912852182628,0.00026311916673256577,0.9624077523114412
1991-12-01,1.6962568138980754,0.9974807813038891,0.002502201753509228,1.7016942601708294e-05,0.9974807813038891
1992-01-01,1.7544141660362096,0.9981152448562053,0.001872031944991923,1.2723198802791154e-05,0.9981152448562053
1992-02-01,1.5633209764885037,0.995114590964811,0.004852330896657998,3.307813853097164e-05,0.995114590964811
1992-03-01,1.0662530067684968,0.9443421297277051,0.055260905127571765,0.0003969651447230856,0.9443421297277051
1992-04-01,0.9677558485454846,0.912038199750482,0.08731237893372568,0.0006494213157923704,0.912038199750482
1992-05-01,0.7332715094087171,0.7624859942938854,0.23541953460381718,0.0020944711022973985,0.7624859942938854
1992-06-01,0.23655838365490897,0.21128317094989396,0.7641813098758199,0.024535519174286147,0.7641813098758199
1992-07-01,0.07139564977400367,0.1049851168875241,0.8406931615296276,0.054321721582848356,0.8406931615296276
1992-08-01,-0.06532500487786533,0.05590225291994737,0.8419307124769688,0.10216703460308381,0.8419307124769688
1992-09-01,-0.15173325034376642,0.03701672338840158,0.8138396736700506,0.14914360294154788,0.8138396736700506
1992-10-01,-0.26247213051235463,0.02161827989407666,0.7447003176774553,0.2336814024284681,0.7447003176774553
1992-11-01,-0.10155785158655335,0.0470752184292485,0.8329016086096832,0.12002317296106829,0.8329016086096832
1992-12-01,0.004397952696027826,0.07741419406483259,0.8482548841195261,0.07433092181564126,0.8482548841195261
1993-01-01,0.32018521102749264,0.28924083916019133,0.6944715057123632,0.016287655127445604,0.6944715057123632
1993-02-01,0.56252250392301,0.5775228191100473,0.417572324400436,0.004904856489516677,0.5775228191100473
1993-03-01,0.36554728107382595,0.3379901695342862,0.6489843455938651,0.01302548487184883,0.6489843455938651
1993-04-01,0.7479453970398685,0.7755164885161796,0.22253692015712137,0.0019465913266990382,0.7755164885161796
1993-05-01,0.7640995584152965,0.7892645142295481,0.2089396687993118,0.001795816971140054,0.7892645142295481
1993-06-01,0.18256509835209736,0.1697817952580124,0.7983211728330843,0.031897031908903264,0.7983211728330843
1993-07-01,0.26157997692248525,0.23288354223326488,0.7454036268722944,0.021712830894440666,0.7454036268722944
1993-08-01,0.12383109699455855,0.13229190091780635,0.8253841100195637,0.04232398906262999,0.8253841100195637
1993-09-01,0.439690410187741,0.4251791178500429,0.5657937466110291,0.009027135538927963,0.5657937466110291
1993-10-01,-0.005488285129557069,0.0739566850255479,0.8482388583375482,0.077804456636904,0.8482388583375482
1993-11-01,0.04655193566397539,0.09387268920584803,0.8450595755031094,0.061067735291042625,0.8450595755031094
1993-12-01,0.1545768736063308,0.15095689398282167,0.8125298855906057,0.03651322042657268,0.8125298855906057
1994-01-01,0.07091006636087742,0.10475720062653815,0.8407962185283367,0.05444658084512508,0.8407962185283367
1994-02-01,-0.029274927780578927,0.06621280855591842,0.8470091509440519,0.0867780405000297,0.8470091509440519
1994-03-01,0.09982595705319597,0.11911158532960307,0.8334232126112244,0.04746520205917244,0.8334232126112244
1994-04-01,0.33763865724331377,0.30750562962927397,0.6775474947873124,0.014946875583413836,0.6775474947873124
1994-05-01,0.41574830646601857,0.39621564912721047,0.5936208974048717,0.010163453467917872,0.5936208974048717
1994-06-01,0.29916031885328176,0.26811676589336086,0.7138227186754624,0.01806051543117667,0.7138227186754624
1994-07-01,0.23978370015056552,0.21398305867168915,0.7618644430007209,0.024152498327590078,0.7618644430007209
1994-08-01,0.6475499672003601,0.6765036114876899,0.32028472634467686,0.0032116621676334003,0.6765036114876899
1994-09-01,0.48367339555704303,0.4796030701990253,0.5131389332236513,0.007257996577323441,0.5131389332236513
1994-10-01,0.9163362660960377,0.8891099099893836,0.11005043658231146,0.0008396534283049823,0.8891099099893836
1994-11-01,1.0719773164202557,0.9458274885232659,0.053786742712846905,0.00038576876388717014,0.9458274885232659
1994-12-01,1.1297484477738893,0.9588591338925742,0.040851850913136055,0.00028901519428979204,0.9588591338925742
1995-01-01,0.8132732185424559,0.8272649488292533,0.17133012707865308,0.001404924092093642,0.8272649488292533
1995-02-01,0.5001882442788043,0.5002353053311339,0.4930780981333037,0.006686596535562369,0.5002353053311339
1995-03-01,0.13302806035317757,0.1376603619755772,0.821840802263239,0.0404988357611839,0.821840802263239
1995-04-01,0.05663207939828316,0.09824844655451721,0.8435105845919774,0.05824096885350533,0.8435105845919774
1995-05-01,-0.2901108241223862,0.01888069455128058,0.7217877840681911,0.2593315213805283,0.7217877840681911
1995-06-01,-0.11679338413201024,0.0437734697607372,0.827921947331988,0.12830458290727484,0.827921947331988
1995-07-01,-0.31782981955648315,0.01647742874756901,0.6966968233545441,0.28682574789788695,0.6966968233545441
1995-08-01,-0.7698640324366014,0.0017448850989543285,0.20423665408988945,0.7940184608111562,0.7940184608111562
1995-09-01,-0.8214059523490336,0.0013490162057208195,0.16565238436920715,0.832998599425072,0.832998599425072
1995-10-01,-0.827190417136529,0.001310608751332809,0.16170600704349225,0.8369833842051749,0.8369833842051749
1995-11-01,-1.032266704813398,0.00047045789508729045,0.06482344255331096,0.9347060995516018,0.9347060995516018
1995-12-01,-0.662289295066115,0.0029841655993188484,0.304598180656771,0.6924176537439102,0.6924176537439102
1996-01-01,-0.7269779952158227,0.002161282254070908,0.24109852024926925,0.7567401974966599,0.7567401974966599
1996-02-01,-0.7133233688067045,0.002313640167216942,0.2537333589532722,0.7439530008795109,0.7439530008795109
1996-03-01,-0.5084862769436533,0.006416588760104443,0.48297715632416605,0.5106062549157295,0.5106062549157295
1996-04-01,-0.5622796538666129,0.0049107865651752385,0.4178626873634109,0.5772265260714139,0.5772265260714139
1996-05-01,-0.3765036010314211,0.012339689038135968,0.6373059621783023,0.35035434878356175,0.6373059621783023
1996-06-01,-0.5330795899399794,0.005678361848860247,0.4530661582711968,0.5412554798799429,0.5412554798799429
1996-07-01,-0.46579800540076677,0.00793118492774735,0.534717422827889,0.4573513922443636,0.534717422827889
1996-08-01,-0.22234669788552666,0.026294899801997014,0.7740204574287104,0.1996846427692926,0.7740204574287104
1996-09-01,-0.5326417321566568,0.005690736219301811,0.4535974288131226,0.5407118349675756,0.5407118349675756
1996-10-01,-0.41593894821753274,0.010153868513612236,0.5934024248197955,0.39644370666659223,0.5934024248197955
1996-11-01,-0.3874971731164327,0.011687421258760763,0.6253466414115879,0.3629659373296513,0.6253466414115879
1996-12-01,-0.6839550144844886,0.0026786099984166516,0.28232511706158314,0.7149962729400002,0.7149962729400002
1997-01-01,-0.3282372704723199,0.01565499596597823,0.6867577357923362,0.2975872682416856,0.6867577357923362
1997-02-01,-0.3191300637663017,0.016372400982610103,0.6954701416308327,0.2881574573865573,0.6954701416308327
1997-03-01,-0.0311258129710264,0.06564291157530429,0.8468428466893534,0.08751424173534227,0.8468428466893534
1997-04-01,0.45460247048983937,0.4434954887082621,0.548120524131906,0.00838398715983192,0.548120524131906
1997-05-01,0.9758489189974318,0.9152308458018509,0.08414547128607142,0.0006236829120777067,0.9152308458018509
1997-06-01,1.2981792776394527,0.981852288051092,0.01802318904836265,0.0001245229005453126,0.981852288051092
1997-07-01,1.7167307492138366,0.9977253543175529,0.002259284534660286,1.536114778677689e-05,0.9977253543175529
1997-08-01,2.002672346118572,0.9994545543140386,0.0005417685096528347,3.677176308541864e-06,0.9994545543140386
1997-09-01,2.165178213493648,0.999757893586486,0.00024047472095011527,1.6316925638497335e-06,0.999757893586486
1997-10-01,2.304050513707195,0.9998790790457862,0.00012010609736386009,8.148568499278157e-07,0.9998790790457862
1997-11-01,2.274538821445095,0.9998598551828627,0.00013920039732350677,9.444198138042004e-07,0.9998598551828627
1997-12-01,2.076701118323333,0.9996232325596859,0.0003742278508827923,2.5395894313262403e-06,0.9996232325596859
1998-01-01,2.2041267385615058,0.9998007266357181,0.00019793040510226496,1.3429591796727986e-06,0.9998007266357181
1998-02-01,1.6582885921325634,0.9969557231106658,0.003023702500893541,2.0574388440633066e-05,0.9969557231106658
1998-03-01,1.0392718440943303,0.9368114677384036,0.06273425988713018,0.00045427237446620645,0.9368114677384036
1998-04-01,0.518124488892092,0.5226401190408781,0.4712433352770154,0.006116545682106473,0.5226401190408781
1998-05-01,0.271541176263148,0.2418994070751195,0.7374208861298469,0.020679706795033614,0.7374208861298469
1998-06-01,-0.9324565508695214,0.0007746821539092812,0.10241432940909734,0.8968109884369934,0.8968109884369934
1998-07-01,-1.2021197897100877,0.0002012826836756782,0.028810875740052144,0.9709878415762722,0.9709878415762722
1998-08-01,-1.4292011129696598,6.46792417655591e-05,0.009443911024620721,0.9904914097336137,0.9904914097336137
1998-09-01,-1.2924171980291461,0.00012816216773160448,0.018540094568148424,0.98133174326412,0.98133174326412
1998-10-01,-1.4415395299327691,6.08098691035943e-05,0.008883992139442465,0.9910551979914539,0.9910551979914539
1998-11-01,-1.2983514084034797,0.00012441578886869092,0.01800796706772234,0.981867617143409,0.981867617143409
1998-12-01,-1.6208607075778774,2.4808397664792995e-05,0.003643668343447759,0.9963315232588874,0.9963315232588874
1999-01-01,-1.5645241326733152,3.28797515635254e-05,0.004823370251263115,0.9951437499971734,0.9951437499971734
1999-02-01,-1.0919660028662674,0.00034909056675036016,0.04892487806341439,0.9507260313698352,0.9507260313698352
1999-03-01,-0.7293790975703515,0.0021355451687244593,0.23892104646502643,0.7589434083662491,0.7589434083662491
1999-04-01,-1.0920540801646192,0.000348936919458679,0.04890440543996899,0.9507466576405723,0.9507466576405723
1999-05-01,-0.9200772670615024,0.0008241065059811971,0.10823517061382604,0.8909407228801928,0.8909407228801928
1999-06-01,-1.060291716890631,0.00040897045628165404,0.05683643716160003,0.9427545923821183,0.9427545923821183
1999-07-01,-0.9922236661832998,0.000574682307577297,0.0780545972722122,0.9213707204202105,0.9213707204202105
1999-08-01,-1.0858638007154005,0.00035990193359977473,0.05036320312988507,0.9492768949365151,0.9492768949365151
1999-09-01,-0.9211545019810198,0.0008196832856599213,0.10771734523616638,0.8914629714781737,0.8914629714781737
1999-10-01,-1.258519872911694,0.00015182967786362555,0.021888394930483446,0.9779597753916529,0.9779597753916529
1999-11-01,-1.6059946554235376,2.672262427860074e-05,0.003923704678625239,0.9960495726970962,0.9960495726970962
1999-12-01,-1.7110904954457697,1.580051098131632e-05,0.0023237539413820674,0.9976604455476367,0.9976604455476367
2000-01-01,-1.6335756682867768,2.3280333210490183e-05,0.0034200106828452537,0.9965567089839442,0.9965567089839442
2000-02-01,-1.337331690752763,0.00010238597219994308,0.01486710449718942,0.9850305095306107,0.9850305095306107
2000-03-01,-0.74497939030905,0.001975617003358643,0.22510020937237585,0.7729241736242655,0.7729241736242655
2000-04-01,-0.7565178347491847,0.0018650713178659881,0.21524473992976545,0.7828901887523686,0.7828901887523686
2000-05-01,-0.6934190957961172,0.0025551256599857866,0.2729046875827752,0.724540186757239,0.724540186757239
2000-06-01,-0.6019607998155921,0.004030589108637437,0.37120888473834035,0.6247605261530222,0.6247605261530222
2000-07-01,-0.4959911456523728,0.0068274326142171325,0.4981834675511455,0.49498909983463735,0.4981834675511455
2000-08-01,-0.4213094612858911,0.009887499349108993,0.5872260885926104,0.4028864120582806,0.5872260885926104
2000-09-01,-0.5075423041988721,0.006446750064693479,0.48412648685642146,0.509426763078885,0.509426763078885
2000-10-01,-0.7860146631226578,0.0016097371892169453,0.1914775238793135,0.8069127389314695,0.8069127389314695
2000-11-01,-0.9341238009814593,0.0007682559929830055,0.10165185817866385,0.8975798858283531,0.8975798858283531
2000-12-01,-0.9500618321137204,0.0007094511865392517,0.0946133494933793,0.9046771993200815,0.9046771993200815
2001-01-01,-0.6228119289485848,0.0036329901021313806,0.3475007050847766,0.648866304813092,0.648866304813092
2001-02-01,-0.5979055561918816,0.004112808828445083,0.37589200787442223,0.6199951832971327,0.6199951832971327
2001-03-01,-0.33897498360070344,0.014848816969197754,0.6762209001357394,0.30893028289506286,0.6762209001357394
2001-04-01,-0.3568039774573989,0.013599628030388161,0.6581215690076687,0.32827880296194306,0.6581215690076687
2001-05-01,-0.08948994573832778,0.049857182999232565,0.8363478729184356,0.11379494408233184,0.8363478729184356
2001-06-01,-0.1102993013762934,0.045152908964524015,0.8301304623038757,0.12471662873160028,0.8301304623038757
2001-07-01,0.03453474336489075,0.0888849547822988,0.84650984120338,0.06460520401432121,0.84650984120338
2001-08-01,-0.042078424932405135,0.062362918431687835,0.8456497844158894,0.09198729715242267,0.8456497844158894
2001-09-01,-0.2682432869252608,0.02101630475280935,0.7400953073182419,0.2388883879289488,0.7400953073182419
2001-10-01,-0.08293035333843643,0.05143400836407631,0.8380369188143393,0.11052907282158442,0.8380369188143393
2001-11-01,-0.5246787149648857,0.0059205159126493245,0.46327017228049017,0.5308093118068605,0.5308093118068605
2001-12-01,-0.2299926684434628,0.02533360835837088,0.7688020128749079,0.20586437876672126,0.7688020128749079
2002-01-01,0.011805935032382107,0.08010138450146352,0.8480764145895591,0.07182220090897742,0.8480764145895591
2002-02-01,-0.006086949345449198,0.07375194242203789,0.8482285557839118,0.07801950179405037,0.8482285557839118
2002-03-01,0.10460971595501017,0.12164419360778544,0.8319603964834387,0.046395409908775845,0.8319603964834387
2002-04-01,0.09830023125847456,0.11831348182947007,0.8338752154430918,0.04781130272743801,0.8338752154430918
2002-05-01,0.5650176957756708,0.5805638504186477,0.4145918111476431,0.004844338433709218,0.5805638504186477
2002-06-01,0.7956953018645517,0.8143423561515961,0.18412385077690868,0.0015337930714952115,0.8143423561515961
2002-07-01,0.6624217719292147,0.6925587073562106,0.3044590971615991,0.0029821954821902925,0.6925587073562106
2002-08-01,0.9210944897653245,0.8914339351353586,0.10774613578872225,0.0008199290759191299,0.8914339351353586
2002-09-01,1.1010236854803763,0.9528048253661157,0.04686153601218252,0.0003336386217018199,0.9528048253661157
2002-10-01,1.1785436245714973,0.9674761819624517,0.032297358576270266,0.00022645946127807206,0.9674761819624517
2002-11-01,1.4348982129276506,0.9907559768195019,0.009181160251339205,6.286292915890091e-05,0.9907559768195019
2002-12-01,1.179256582601462,0.9675881649849007,0.03218618121525203,0.00022565379984721974,0.9675881649849007
2003-01-01,0.23168841810047233,0.20725397765361286,0.7676209292511913,0.02512509309519582,0.7676209292511913
2003-02-01,0.6358821142936907,0.6636071303691741,0.3329889249605853,0.0034039446702406576,0.6636071303691741
2003-03-01,0.15005717416201045,0.1480832583233546,0.8146001253386714,0.037316616337974014,0.8146001253386714
2003-04-01,-0.31583059076621234,0.016640210917192675,0.6985744548369842,0.2847853342458231,0.6985744548369842
2003-05-01,-0.7755966671898241,0.0016956647367567085,0.19963741539600088,0.7986669198672424,0.7986669198672424
2003-06-01,-0.0835085619672955,0.05129314133556807,0.8378932402681846,0.11081361839624736,0.8378932402681846
2003-07-01,0.3625647879347227,0.3346615668346819,0.652119837504552,0.01321859566076599,0.652119837504552
2003-08-01,0.26456576997346737,0.23556121213747658,0.743040814812341,0.021397973050182432,0.743040814812341
2003-09-01,0.2647963265781187,0.2357688595053316,0.7428572935224251,0.021373846972243284,0.7428572935224251
2003-10-01,0.4674173436223783,0.4593615210610362,0.532770747898778,0.007867731040185896,0.532770747898778
2003-11-01,0.3643612426309607,0.33666454980709404,0.6502335072522472,0.013101942940658758,0.6502335072522472
2003-12-01,0.4539029174585022,0.4426323864061352,0.5489544970181204,0.008413116575744374,0.5489544970181204
2004-01-01,0.29351937024073027,0.2626184689775682,0.7188139645584991,0.018567566463932757,0.7188139645584991
2004-02-01,0.20697607677939914,0.18768554187553155,0.7839785517161143,0.0283359064083542,0.7839785517161143
2004-03-01,-0.036989060824587666,0.06386756560976596,0.8462486456160913,0.08988378877414281,0.8462486456160913
2004-04-01,0.03683357018558245,0.08982020972911328,0.846265726136993,0.06391406413389367,0.846265726136993
2004-05-01,-0.11286044417485391,0.04460400648769926,0.829274731266858,0.12612126224544268,0.829274731266858
2004-06-01,0.13959059272670948,0.1416020631551158,0.8191551077376453,0.03924282910723885,0.8191551077376453
2004-07-01,0.5540320469368741,0.5671322419238812,0.4277512845526073,0.005116473523511453,0.5671322419238812
2004-08-01,0.8068348557288912,0.8226162402794821,0.17593293941186902,0.0014508203086488702,0.8226162402794821
2004-09-01,0.7979555074495875,0.816044879791363,0.182438536860927,0.001516583347710003,0.816044879791363
2004-10-01,0.6904919099977554,0.721609544286707,0.2757977560795512,0.0025926996337418164,0.721609544286707
2004-11-01,0.6723043831801304,0.7029785280892998,0.2941826461554301,0.00283882575527021,0.7029785280892998
2004-12-01,0.7980899631074666,0.8161457778313536,0.18233865649965586,0.0015155656689905777,0.8161457778313536
2005-01-01,0.4935472985349658,0.4919348227662727,0.5011543869049866,0.006910790328740649,0.5011543869049866
2005-02-01,0.3691342052303265,0.3420146770924021,0.6451884000024882,0.012796922905109696,0.6451884000024882
2005-03-01,0.4038234155962186,0.38204365773938753,0.607175199998423,0.010781142262189462,0.607175199998423
2005-04-01,0.1461256472258007,0.1456204736297634,0.8163502687537953,0.03802925761644125,0.8163502687537953
2005-05-01,0.35758311470800086,0.3291384218423242,0.6573141106016039,0.01354746755607184,0.6573141106016039
2005-06-01,-0.05252517379728247,0.05937753654990722,0.8441783389003356,0.09644412454975727,0.8441783389003356
2005-07-01,-0.2911359680413712,0.01878597841019234,0.7208967448693057,0.260317276720502,0.7208967448693057
2005-08-01,0.007843052369689824,0.07865345067749797,0.8481921862736793,0.07315436304882274,0.8481921862736793
2005-09-01,-0.10689588702890691,0.04589229019237301,0.8312368731353157,0.12287083667231119,0.8312368731353157
2005-10-01,-0.16572782351684906,0.034601660947172035,0.8071555168296027,0.15824282222322528,0.8071555168296027
2005-11-01,-0.8233712396703451,0.0013358427216591125,0.16430305260360445,0.8343611046747365,0.8343611046747365
2005-12-01,-0.8223629684803226,0.0013425851198630536,0.16499421389738977,0.8336632009827472,0.8336632009827472
2006-01-01,-0.8611639826982652,0.001106087115429733,0.14003799917402038,0.8588559137105499,0.8588559137105499
2006-02-01,-0.5607847714969636,0.004947447046316657,0.4196510979039517,0.5754014550497316,0.5754014550497316
2006-03-01,-0.765827152421699,0.0017803990614775125,0.20752195716484256,0.7906976437736799,0.7906976437736799
2006-04-01,-0.16238184189697,0.035164885424530175,0.8088080297914615,0.15602708478400834,0.8088080297914615
2006-05-01,0.0880050859867201,0.11304837986685339,0.8367415596851164,0.05021006044803027,0.8367415596851164
2006-06-01,0.1969542239464775,0.18016516580792005,0.790086175847625,0.02974865834445496,0.790086175847625
2006-07-01,0.1703467663936923,0.16134341963005594,0.804818146900381,0.03383843346956311,0.804818146900381
2006-08-01,0.5993392406724161,0.6216826131889406,0.3742338349524066,0.004083551858652983,0.6216826131889406
2006-09-01,0.8311115069146271,0.8396407531741467,0.15907405020213067,0.0012851966237226666,0.8396407531741467
2006-10-01,0.8669271451068687,0.8623130480704335,0.13661224900664437,0.0010747029229221212,0.8623130480704335
2006-11-01,1.0690455627744986,0.9450714775413085,0.05453705937973033,0.00039146307896118177,0.9450714775413085
2006-12-01,1.0596676997711338,0.9425859736467128,0.05700377840575617,0.0004102479475310148,0.9425859736467128
2007-01-01,0.501912414817769,0.5023905003079692,0.4909799190476855,0.006629580644345349,0.5023905003079692
2007-02-01,-0.07216068804004741,0.05412555283667974,0.8405293594169382,0.10534508774638207,0.8405293594169382
2007-03-01,-0.3264190810303801,0.015795705304471414,0.6885137954877272,0.29569049920780144,0.6885137954877272
2007-04-01,-0.45340906295904737,0.008433741101551921,0.549542977541402,0.44202328135704605,0.549542977541402
2007-05-01,-0.5453422670525706,0.005342464998782425,0.4382212206470205,0.556436314354197,0.556436314354197
2007-06-01,-0.3094040089910004,0.017174260582769812,0.7045398154068412,0.278285924010389,0.7045398154068412
2007-07-01,-0.6721654989831147,0.0028407921779634642,0.2943256950724479,0.7028335127495886,0.7028335127495886
2007-08-01,-0.7305260152820573,0.002123359672298363,0.23788565711911536,0.7599909832085863,0.7599909832085863
2007-09-01,-1.1417231142695559,0.00027222331112508336,0.038570564458114465,0.9611572122307604,0.9611572122307604
2007-10-01,-1.386134132096376,8.021894230470628e-05,0.011686186109358343,0.988233594948337,0.988233594948337
2007-11-01,-1.5681400331691253,3.2290662473751804e-05,0.004737364678318312,0.9952303446592079,0.9952303446592079
2007-12-01,-1.6124035517401467,2.587990811032048e-05,0.0038004414465867553,0.9961736786453029,0.9961736786453029
2008-01-01,-1.668355886205575,1.956439949447153e-05,0.0028756998487565744,0.997104735751749,0.997104735751749
2008-02-01,-1.6493881520165268,2.1510652703275623e-05,0.003160862114019225,0.9968176272332775,0.9968176272332775
2008-03-01,-0.9380317244908701,0.0007534014727701328,0.09988433429808252,0.8993622642291473,0.8993622642291473
2008-04-01,-0.7728347522946785,0.001719203040573757,0.20184359096687,0.7964372059925563,0.7964372059925563
2008-05-01,-0.49931803252791906,0.006715557889615468,0.4941369006245253,0.49914754148585927,0.49914754148585927
2008-06-01,-0.4843535094219108,0.00723353540454128,0.5123146087655108,0.4804518558299478,0.5123146087655108
2008-07-01,-0.04663375992439214,0.06104428111491209,0.8450482237900746,0.09390749509501327,0.8450482237900746
2008-08-01,-0.10827718543134388,0.045590827907279606,0.830792057133652,0.12361711495906837,0.830792057133652
2008-09-01,-0.3241642716794101,0.01597193405729005,0.6906800524875155,0.29334801345519446,0.6906800524875155
2008-10-01,-0.4221111179173229,0.00984833630097947,0.586300608962073,0.40385105473694755,0.586300608962073
2008-11-01,-0.5928663718152716,0.004217308773462397,0.3817413821568729,0.6140413090696647,0.6140413090696647
2008-12-01,-1.035944668316428,0.0004618892854098585,0.06371860159597775,0.9358195091186123,0.9358195091186123
2009-01-01,-0.8310046914189165,0.0012858823187631059,0.1591452879647235,0.8395688297165134,0.8395688297165134
2009-02-01,-0.8333799914228109,0.0012707201584580394,0.15756721266796192,0.84116206717358,0.84116206717358
2009-03-01,-0.5889464052427026,0.004300423712510356,0.3863135778498451,0.6093859984376445,0.6093859984376445
2009-04-01,-0.08070411903981742,0.05197980163965134,0.8385807227424817,0.10943947561786696,0.8385807227424817
2009-05-01,0.3154222488770888,0.2843696562559444,0.6989566907017439,0.016673653042311682,0.6989566907017439
2009-06-01,0.4683011120923276,0.4604591293093562,0.5317075574790632,0.007833313211580614,0.5317075574790632
2009-07-01,0.549126646221669,0.5611014000374462,0.43365574911608984,0.005242850846463897,0.5611014000374462
2009-08-01,0.5907455084609813,0.6115251241527789,0.3842127990552221,0.004262076791998957,0.6115251241527789
2009-09-01,0.6707277318157198,0.7013298767732933,0.2958088941212727,0.0028612291054340186,0.7013298767732933
2009-10-01,1.0137579301552675,0.9288257230629641,0.0706582263882541,0.0005160505487819504,0.9288257230629641
2009-11-01,1.5624641950932452,0.9950937203367167,0.0048730595218448485,3.322014143842623e-05,0.9950937203367167
2009-12-01,1.6523009727323474,0.9968634954424482,0.0031153049113184384,2.1199646233328492e-05,0.9968634954424482
2010-01-01,1.32898176079075,0.9844022634023996,0.015490986026952605,0.00010675057064783685,0.9844022634023996
2010-02-01,1.1146999333005978,0.9557863004146849,0.04390210614895255,0.00031159343636251983,0.9557863004146849
2010-03-01,0.6556807706237329,0.6853360058298791,0.31157988593135344,0.003084108238767497,0.6853360058298791
2010-04-01,0.029389983061989283,0.08682364062029513,0.8469991105255609,0.06617724885414404,0.8469991105255609
2010-05-01,-0.5880757423309724,0.004319104583641693,0.38733162896408935,0.6083492664522689,0.6083492664522689
2010-06-01,-0.9731017588497499,0.0006323033482363195,0.0852086162061707,0.914159080445593,0.914159080445593
2010-07-01,-1.3094982597640972,0.000117672057323402,0.017048635897187192,0.9828336920454894,0.9828336920454894
2010-08-01,-1.5638220540565766,3.2995371424503247e-05,0.004840248712445372,0.9951267559161301,0.9951267559161301
2010-09-01,-1.718917842873458,1.5194084119024308e-05,0.0022347684556951464,0.9977500374601859,0.9977500374601859
2010-10-01,-1.735559022159217,1.398103077269013e-05,0.002056720223454822,0.9979292987457725,0.9979292987457725
2010-11-01,-1.5821039076175525,3.0113118467826367e-05,0.004419318585318299,0.9955505682962139,0.9955505682962139
2010-12-01,-1.5802443207061156,3.0394405429939723e-05,0.004460414097344212,0.9955091914972258,0.9955091914972258
2011-01-01,-1.4253594363600908,6.593355156762384e-05,0.009625279641236384,0.990308786807196,0.990308786807196
2011-02-01,-0.889244731764213,0.0009613370728818548,0.12400437682765508,0.8750342860994631,0.8750342860994631
2011-03-01,-0.8573045056259265,0.0011276146810842978,0.14237198641426918,0.8565003989046466,0.8565003989046466
2011-04-01,-0.6040407976730587,0.003989054592235466,0.3688154810295602,0.6271954643782044,0.6271954643782044
2011-05-01,-0.3616729677392164,0.013276885998070675,0.6530536917580253,0.33366942224390406,0.6530536917580253
2011-06-01,-0.2039384234400242,0.028757093883619363,0.7858619861972838,0.18538091991909694,0.7858619861972838
2011-07-01,-0.3816652351359767,0.012029080437965854,0.6317200260515281,0.35625089351050604,0.6317200260515281
2011-08-01,-0.632288909800869,0.0034654388352440627,0.3369497495103938,0.6595848116543621,0.6595848116543621
2011-09-01,-0.8348880292083133,0.0012611867593954487,0.1565719028037359,0.8421669104368686,0.8421669104368686
2011-10-01,-1.1487590931248692,0.00026281549401295555,0.037287664192449554,0.9624495203135375,0.9624495203135375
2011-11-01,-1.165925126008156,0.00024120415586843352,0.03432751807394163,0.9654312777701899,0.9654312777701899
2011-12-01,-1.1201693854039882,0.00030319021922454705,0.042769143327779036,0.9569276664529964,0.9569276664529964
2012-01-01,-0.8582331412951066,0.0011223969643352082,0.14180746695492918,0.8570701360807356,0.8570701360807356
2012-02-01,-0.4838651268622314,0.007251092413991578,0.5129065674296449,0.47984234015636357,0.5129065674296449
2012-03-01,-0.44073645018828944,0.008980467962707354,0.5645616462031648,0.42645788583412775,0.5645616462031648
2012-04-01,-0.26709990013055585,0.021134251148609878,0.7410152658406819,0.23785048301070824,0.7410152658406819
2012-05-01,-0.17201775282606915,0.03356634368545052,0.8039565152220243,0.16247714109252526,0.8039565152220243
2012-06-01,0.23301836321073918,0.20834865295784588,0.766688617837222,0.02496272920493209,0.766688617837222
2012-07-01,0.38073157925135426,0.3551810079747296,0.6327343054038914,0.01208468662137896,0.6327343054038914
2012-08-01,0.6143182787922724,0.6391302998518134,0.35707969763482783,0.003790002513358796,0.6391302998518134
2012-09-01,0.33427518854938876,0.3039360846130306,0.6808673997036705,0.015196515683298986,0.6808673997036705
2012-10-01,0.11332060110250827,0.12637506071900959,0.8291188768892576,0.04450606239173285,0.8291188768892576
2012-11-01,0.011487868536596751,0.07998427883522292,0.8480874304744861,0.07192829069029093,0.8480874304744861
2012-12-01,-0.3888748386457459,0.011608122436117573,0.6238317110963283,0.36456016646755424,0.6238317110963283
2013-01-01,-0.5196315835640044,0.0060709066016286185,0.4694092980876218,0.5245197953107497,0.5245197953107497
2013-02-01,-0.42711590937311694,0.009607288183406101,0.5805027901744269,0.40988992164216714,0.5805027901744269
2013-03-01,-0.28206773417164066,0.01964024794577265,0.7286776943659496,0.2516820576882777,0.7286776943659496
2013-04-01,-0.35684501813168124,0.013596875567941494,0.6580790701046648,0.32832405432739364,0.6580790701046648
2013-05-01,-0.5394085460661452,0.0055024579719346696,0.44539562532377985,0.5491019167042854,0.5491019167042854
2013-06-01,-0.5256982440427626,0.0058905893463764205,0.4620307283639602,0.5320786822896634,0.5320786822896634
2013-07-01,-0.4387712390002567,0.009068341346806197,0.5668753883449079,0.42405627030828585,0.5668753883449079
2013-08-01,-0.3199378302418192,0.016307485118515014,0.6947058928395198,0.2889866220419653,0.6947058928395198
2013-09-01,-0.02477364787205258,0.06761800900304064,0.8473710203352963,0.08501097066166304,0.8473710203352963
2013-10-01,-0.1245513308221553,0.042178264402214914,0.8251159060915834,0.13270582950620174,0.8251159060915834
2013-11-01,-0.06305612819479642,0.05650400278206954,0.842364884385142,0.10113111283278846,0.842364884385142
2013-12-01,-0.11642593789483477,0.04385043588608651,0.8280503214839512,0.1280992426299623,0.8280503214839512
2014-01-01,-0.632595663702753,0.003460146102090406,0.33661074519281153,0.659929108705098,0.659929108705098
2014-02-01,-0.5786821818818838,0.004525862804683832,0.3983706012661963,0.5971035359291199,0.5971035359291199
2014-03-01,0.046812202419635615,0.09398343996443825,0.8450233986214916,0.06099316141407022,0.8450233986214916
2014-04-01,0.22094605808295328,0.1985678101807365,0.7749573876831638,0.026474802136099717,0.7749573876831638
2014-05-01,0.4241970161761953,0.40636450854963957,0.5838883385634931,0.009747152886867382,0.5838883385634931
2014-06-01,0.27052089521445233,0.2409651227234754,0.7382516035160893,0.02078327376043533,0.7382516035160893
2014-07-01,-0.0528555515347677,0.059285342644622506,0.844126486846476,0.09658817050890153,0.844126486846476
2014-08-01,0.11154248915183053,0.1253967598615173,0.8297175695082575,0.04488567063022524,0.8297175695082575
2014-09-01,0.4754144061583776,0.46930664929935734,0.5231316748580102,0.007561675842632369,0.5231316748580102
2014-10-01,0.5950158998475786,0.6165852989408479,0.37924228759207584,0.00417241346707624,0.6165852989408479
2014-11-01,0.9643887279162129,0.9106781692484933,0.08866139076428897,0.000660439987217713,0.9106781692484933
2014-12-01,0.7097033771492713,0.740489998852307,0.2571542024604704,0.0023557986872225897,0.740489998852307
2015-01-01,0.46619194529609886,0.4578402753303109,0.5342440228796778,0.007915701790011357,0.5342440228796778
2015-02-01,0.3092248083209822,0.2781060038817138,0.7047046050767418,0.01718939104154435,0.7047046050767418
2015-03-01,0.4553319047655898,0.4443958215548599,0.5472504584562901,0.008353719988850006,0.5472504584562901
2015-04-01,0.7999984416543162,0.817573314082119,0.18092549198185326,0.0015011939360277723,0.817573314082119
2015-05-01,1.0403920916609957,0.9371422270375626,0.06240603681650416,0.00045173614593328157,0.9371422270375626
2015-06-01,1.3335254178920801,0.9847472784610484,0.015148368567379873,0.00010435297157175731,0.9847472784610484
2015-07-01,1.573361822140759,0.9953526924591372,0.004615849016597601,3.145852426524313e-05,0.9953526924591372
2015-08-01,1.9956469676011614,0.9994350650310302,0.0005611263299551894,3.808639014620802e-06,0.9994350650310302
2015-09-01,2.218825372731667,0.9998148440355117,0.00018390816393203303,1.2478005562819108e-06,0.9998148440355117
2015-10-01,2.276982518907082,0.9998615568861775,0.00013751016316885454,9.329506536405373e-07,0.9998615568861775
2015-11-01,2.5514217872024516,0.9999648941945043,3.486925619061551e-05,2.365493050898987e-07,0.9999648941945043
2015-12-01,2.275156360271178,0.9998602871794552,0.00013877131231043228,9.415082343805441e-07,0.9998602871794552
2016-01-01,2.26104603764469,0.9998500757098697,0.00014891395775675913,1.0103323735175112e-06,0.9998500757098697
2016-02-01,1.8861038709212121,0.999023461488614,0.0009699522582605626,6.586253125453266e-06,0.999023461488614
2016-03-01,1.1645823144779122,0.9652065030906742,0.03455066824066638,0.0002428286686593816,0.9652065030906742
2016-04-01,0.4215787281180313,0.40321034055892613,0.5869153316556017,0.009874327785472162,0.5869153316556017
2016-05-01,-0.10895453667140434,0.04544368892441673,0.8305718208062806,0.12398449026930272,0.8305718208062806
2016-06-01,-0.26369164834775505,0.021489685717484577,0.7437352170388999,0.23477509724361556,0.7437352170388999
2016-07-01,-0.7881715892245492,0.0015924975435382066,0.18982002830451594,0.8085874741519459,0.8085874741519459
2016-08-01,-0.5747879001686902,0.004614440650380469,0.4029750027118185,0.592410556637801,0.592410556637801
2016-09-01,-0.5569500665134808,0.00504273931635314,0.42424681623821814,0.5707104444454287,0.5707104444454287
2016-10-01,-0.6737056246639125,0.00281906173890027,0.2927415994531487,0.7044393388079511,0.7044393388079511
2016-11-01,-0.5597437657250282,0.004973137386185905,0.4208975686237909,0.5741292939900232,0.5741292939900232
2016-12-01,-0.2732982396379996,0.020502533274945885,0.7359833213367348,0.24351414538831928,0.7359833213367348
2017-01-01,-0.23844089282229444,0.024311249088605942,0.7628327863704092,0.21285596454098482,0.7628327863704092
2017-02-01,0.2370710971210965,0.21171068664577192,0.7638150746616528,0.02447423869257539,0.7638150746616528
2017-03-01,0.08181745948428648,0.10998320093171329,0.8383106296903232,0.051706169377963435,0.8383106296903232
2017-04-01,0.39226171040422675,0.36849203728446056,0.6200925361936751,0.011415426521864353,0.6200925361936751
2017-05-01,0.36753022374612787,0.3402121655050536,0.6468891979197694,0.012898636575177001,0.6468891979197694
2017-06-01,0.3244960058464539,0.2936919653704819,0.6903621487035217,0.015945885925996356,0.6903621487035217
2017-07-01,0.13772037182107857,0.14046923264908606,0.8199338521130638,0.03959691523785017,0.8199338521130638
2017-08-01,-0.37360122621521286,0.012517808762030583,0.6404236195883396,0.34705857164962983,0.6404236195883396
2017-09-01,-0.6088873034949019,0.0038939234061368517,0.3632622166886488,0.6328438599052144,0.6328438599052144
2017-10-01,-0.6703522732196788,0.002866590103753564,0.2961969112651064,0.70093649863114,0.70093649863114
2017-11-01,-1.1225350385762138,0.0002996261988718023,0.04228780681792621,0.957412566983202,0.957412566983202
2017-12-01,-0.8597353225367931,0.0011140076823297628,0.1408982286499454,0.8579877636677249,0.8579877636677249
2018-01-01,-0.9547196349534246,0.0006931309981689003,0.09264014998395043,0.9066667190178807,0.9066667190178807
2018-02-01,-0.5364300213610314,0.005584556186261826,0.4490034069520512,0.5454120368616869,0.5454120368616869
2018-03-01,-0.7796220884521173,0.0016619332296861492,0.19645419370567618,0.8018838730646377,0.8018838730646377
2018-04-01,-0.27073577857833897,0.02076141920448951,0.7380768915462221,0.24116168924928838,0.7380768915462221
2018-05-01,-0.07860492396355359,0.05249946016062606,0.8390798423346857,0.10842069750468827,0.8390798423346857
2018-06-01,0.27148121127038816,0.24184442820374516,0.737469792056397,0.020685779739857857,0.737469792056397
2018-07-01,0.20733097485158333,0.18795623005086942,0.783756679683258,0.02828709026587254,0.783756679683258
2018-08-01,0.16178749920363503,0.15563616161345095,0.8090979883338241,0.035265850052724965,0.8090979883338241
2018-09-01,0.7441750793760868,0.7722175663262552,0.22579887141267938,0.0019835622610654695,0.7722175663262552
2018-10-01,1.0270848451470829,0.9331069173285039,0.06641028222443622,0.0004828004470598563,0.9331069173285039
2018-11-01,0.8939360082066675,0.8775767422808294,0.12148418679795583,0.0009390709212147902,0.8775767422808294
2018-12-01,0.744494759616504,0.7724985989153437,0.22552100054545424,0.001980400539202098,0.7724985989153437
2019-01-01,0.44094267598605774,0.42671011038362855,0.564318593870446,0.008971295745925287,0.564318593870446
2019-02-01,0.771580145481843,0.7954182990741409,0.2028516980851286,0.0017300028407305518,0.7954182990741409
2019-03-01,0.7728143057546165,0.7964206310154667,0.20185999047841718,0.0017193785061161305,0.7964206310154667
2019-04-01,0.44701834430631016,0.4341575297172948,0.5571372728922522,0.008705197390452933,0.5571372728922522
2019-05-01,0.4955115678841874,0.4943896953226874,0.4987665931702361,0.006843711507076499,0.4987665931702361
2019-06-01,0.3973533236791188,0.37443585182069106,0.6144324740962102,0.011131674083098788,0.6144324740962102
2019-07-01,0.33235512044158344,0.3019088780756247,0.6827502608463817,0.015340861077993553,0.6827502608463817
2019-08-01,-0.06477171439427129,0.0560484380138702,0.8420380119645499,0.10191355002157992,0.8420380119645499
2019-09-01,0.14048715850968704,0.1421478310655874,0.8187780064985798,0.039074162435832845,0.8187780064985798
2019-10-01,0.6669795614523963,0.6973895483446501,0.29969525285824494,0.002915198797104997,0.6973895483446501
2019-11-01,0.5796383057456735,0.5982530780130039,0.397242546748025,0.004504375238971114,0.5982530780130039
2019-12-01,0.5253305130384578,0.5316208837145262,0.46247775018937926,0.005901366096094548,0.5316208837145262
2020-01-01,0.47638114329841397,0.47051069328724987,0.5219638190406,0.0075254876721502365,0.5219638190406
2020-02-01,0.17944354732808251,0.16759311432166626,0.8000243551435984,0.03238253053473535,0.8000243551435984
2020-03-01,0.4868990458145437,0.48362966043968814,0.5092276334432135,0.0071427061170983306,0.5092276334432135
2020-04-01,0.2352303727341479,0.2101787763232926,0.7651262818439998,0.024694941832707568,0.7651262818439998
2020-05-01,-0.5075095801580854,0.006447798167739681,0.4841663293274141,0.5093858725048462,0.5093858725048462
2020-06-01,-0.27476580614459345,0.0203556909251712,0.7347758820701829,0.2448684270046459,0.7347758820701829
2020-07-01,-0.30725822370409495,0.017356298655969205,0.7065074714803141,0.2761362298637167,0.7065074714803141
2020-08-01,-0.7607165991417875,0.0018263952548208916,0.21173622697638617,0.786437377768793,0.786437377768793
2020-09-01,-1.0207752292647105,0.0004982669713816818,0.06839110742632337,0.931110625602295,0.931110625602295
2020-10-01,-1.2965898438841121,0.00012551632306068942,0.01816434483197349,0.9817101388449658,0.9817101388449658
2020-11-01,-1.2787530513387442,0.00013722310003952442,0.019824691279715978,0.9800380856202445,0.9800380856202445
2020-12-01,-1.0165408039989356,0.000508923385227202,0.06975096624000066,0.9297401103747721,0.9297401103747721
2021-01-01,-1.0179804667860648,0.0005052749928411886,0.0692858481300539,0.930208876877105,0.930208876877105
2021-02-01,-0.9489632323675322,0.0007133561361703999,0.09508419490844044,0.9042024489553891,0.9042024489553891
2021-03-01,-0.5468172527742685,0.005303417819126276,0.43644079078494646,0.5582557913959273,0.5582557913959273
2021-04-01,-0.5495181922794014,0.005232650455012637,0.43318388370731664,0.5615834658376707,0.5615834658376707
2021-05-01,-0.26544872451986923,0.02130572233671577,0.7423371601308124,0.23635711753247174,0.7423371601308124
2021-06-01,-0.21072072446299997,0.027824927231646337,0.7816182861342089,0.19055678663414471,0.7816182861342089
2021-07-01,-0.4779314580536226,0.0074678127539165385,0.5200899095661392,0.4724422776799443,0.5200899095661392
2021-08-01,-0.5416900237754811,0.005440385497215579,0.4426349655470113,0.5519246489557731,0.5519246489557731
2021-09-01,-0.5598407141962457,0.0049707392600488775,0.42078144915502946,0.5742478115849217,0.5742478115849217
2021-10-01,-1.0226846141967587,0.0004935350255561912,0.06778597966435507,0.9317204853100888,0.9317204853100888
2021-11-01,-0.8845799104174706,0.0009840006137844155,0.12655457673607917,0.8724614226501364,0.8724614226501364
2021-12-01,-1.1752579549580433,0.00023020968027551796,0.032814531979845296,0.9669552583398792,0.9669552583398792
2022-01-01,-0.8098078024969454,0.0014294443459896289,0.17379566361050425,0.8247748920435061,0.8247748920435061
2022-02-01,-0.8083771327336081,0.0014396915459140374,0.17482163040557053,0.8237386780485154,0.8237386780485154
2022-03-01,-0.936959360650932,0.0007574488564327908,0.10036662423379439,0.8988759269097728,0.8988759269097728
2022-04-01,-1.1851484931195426,0.00021910453918971213,0.0312814589870819,0.9684994364737284,0.9684994364737284
2022-05-01,-1.0621294689487069,0.00040523125325387684,0.05634628673966402,0.9432484820070821,0.9432484820070821
2022-06-01,-0.6661815215932618,0.00292682014619404,0.3005263753059204,0.6965468045478855,0.6965468045478855
2022-07-01,-0.6936360925452468,0.002552361965565513,0.2726909611349475,0.724756676899487,0.724756676899487
2022-08-01,-0.9786428530295973,0.0006150361628384524,0.08307657227646303,0.9163083915606985,0.9163083915606985
2022-09-01,-1.0928855205483807,0.00034748983229758825,0.048711545740150686,0.9509409644275517,0.9509409644275517
2022-10-01,-1.1233272979779236,0.00029844199177637255,0.04212776645780947,0.9575737915504141,0.9575737915504141
2022-11-01,-0.8170167226469012,0.001378907896179767,0.16869781495274683,0.8299232771510734,0.8299232771510734
2022-12-01,-0.8007966866968032,0.0014952232148979993,0.1803369370316109,0.818167839753491,0.818167839753491
2023-01-01,-0.5757398451316594,0.0045926300003135655,0.40184803628946,0.5935593337102265,0.5935593337102265
2023-02-01,-0.318547365065491,0.016419387060822924,0.6960204102656011,0.2875602026735759,0.6960204102656011
2023-03-01,0.17008025028157428,0.1611631872248456,0.8049547856506005,0.03388202712455385,0.8049547856506005
2023-04-01,0.39632618456938584,0.3732336770101456,0.6155779742358265,0.011188348754027829,0.6155779742358265
2023-05-01,0.7910101166732232,0.8107745069423583,0.18765540238485612,0.00157009067278558,0.8107745069423583
2023-06-01,1.0088540869971285,0.9271876531320243,0.07228349354044904,0.0005288533275266291,0.9271876531320243
2023-07-01,1.119785602915431,0.956848505047549,0.04284772255608078,0.0003037723963701817,0.956848505047549
2023-08-01,1.5414416531495023,0.99455289097061,0.005410207042695822,3.69019866942292e-05,0.99455289097061
2023-09-01,1.7333719651775334,0.9979065784403259,0.002079286805535032,1.4134754139036904e-05,0.9979065784403259
2023-10-01,1.7364733419756344,0.9979387240879721,0.002047358650159104,1.391726186876704e-05,0.9979387240879721
2023-11-01,1.9645211595529537,0.9993399968952363,0.0006555531216112044,4.449983152457846e-06,0.9993399968952363
2023-12-01,1.7747238560369483,0.9982969317475099,0.001691573624636204,1.1494627853910232e-05,0.9982969317475099
2024-01-01,1.510296600543395,0.9936408620047851,0.006316018102677406,4.311989253751907e-05,0.9936408620047851
2024-02-01,1.2527385901255108,0.9773280291660496,0.022515688951850566,0.00015628188209988476,0.9773280291660496
2024-03-01,0.683950061598113,0.714991226501338,0.28233009734285935,0.0026786761558026686,0.714991226501338
2024-04-01,0.5120532063039134,0.5150619494126354,0.47863416997805314,0.006303880609311463,0.5150619494126354
2024-05-01,-0.12361956060873971,0.042366880492880704,0.8254625834829761,0.13217053602414316,0.8254625834829761
2024-06-01,0.09704446623061155,0.11766007173391453,0.8342419666812874,0.04809796158479809,0.8342419666812874
2024-07-01,-0.015615651149236076,0.0705626617809159,0.847921082118501,0.08151625610058305,0.847921082118501
2024-08-01,-0.18769121106868958,0.031114995551308665,0.7954597918168074,0.17342521263188398,0.7954597918168074
2024-09-01,-0.24031405399193265,0.024090077169678287,0.7614805133949477,0.21442940943537406,0.7614805133949477
2024-10-01,-0.2606553930521268,0.021811245526637282,0.7461300711729485,0.23205868330041424,0.7461300711729485
2024-11-01,-0.23695058486052187,0.024488629117424738,0.7639012277851968,0.2116101430973785,0.7639012277851968
2024-12-01,-0.7696703360378822,0.0017465728543863647,0.20439340971471676,0.7938600174308968,0.7938600174308968
2025-01-01,-0.6455499297390411,0.0032438358109829557,0.3224449098357355,0.6743112543532815,0.6743112543532815
2025-02-01,-0.224675093283385,0.02599846285727276,0.7724498755375321,0.20155166160519508,0.7724498755375321
